Filename,ROI,Date,DOY,Red_Avg,Green_Avg,Blue_Avg,Red_SD,Green_SD,Blue_SD,Brightness_Avg,Brightness_SD,Green_Index,Green_Index_SD,Greenness_Excess_index,Greenness_Excess_index_SD,Red_index,Red_Index_SD,Blue_Index,Blue_Index_SD,plant
centermarsh_04_09_19_1200,1,4/9/2019 12:00,99,97.0019061,78.96057384,56.76845907,13.29008861,12.84990683,12.04453497,232.730939,37.92857722,0.339315921,0.003751988,4.150782504,2.585883089,0.418644452,0.013519658,0.242039627,0.014718488,c3
centermarsh_04_09_19_1200,2,4/9/2019 12:00,99,109.301907,91.30871351,67.36620352,16.01555883,15.86250018,15.11905576,267.976824,46.83576888,0.340811042,0.003751969,5.949316533,2.725221134,0.410221645,0.015018744,0.248967313,0.016016518,c3
centermarsh_04_10_19_1200,1,4/10/2019 12:00,100,136.2541944,109.005214,76.12074751,25.58229894,24.73868225,22.71931326,321.3801559,72.46657839,0.339139231,0.004672957,5.635486036,4.618793772,0.428111574,0.022756429,0.232749195,0.024312045,c3
centermarsh_04_10_19_1200,2,4/10/2019 12:00,100,156.6535949,126.6296454,88.84330269,35.55990925,32.98735214,28.33941503,372.126543,96.17030321,0.340041401,0.005681677,7.762393303,5.421666605,0.425999167,0.025799424,0.233959432,0.025910911,c3
centermarsh_05_07_19_1200,1,5/7/2019 12:00,127,52.36478185,51.72306469,36.83769217,13.35235898,12.44179085,12.50822811,140.9255387,37.94925623,0.370289973,0.019608586,14.24365535,5.716334672,0.373407158,0.014838853,0.256302869,0.024234525,c3
centermarsh_05_10_19_1200,1,5/10/2019 12:00,130,70.341598,71.06313012,44.5459577,17.45411737,15.93779494,16.34063426,185.9506858,49.26979597,0.386322384,0.022279808,27.23870454,7.982067883,0.380112232,0.013845116,0.233565384,0.026758843,c3
centermarsh_05_27_19_1200,1,5/27/2019 12:00,147,51.45814949,64.93442743,41.8802284,10.22554189,10.85587764,11.30947814,158.2728053,32.12296138,0.413377458,0.017493719,36.53047697,3.609294169,0.325660704,0.01113902,0.260961837,0.020180656,c3
centermarsh_05_31_19_1200,1,5/31/2019 12:00,151,42.16605279,57.09969306,19.39254144,11.26001967,11.62159837,9.340526091,118.6582873,31.51701093,0.48775282,0.033976531,52.6407919,7.380281778,0.355493691,0.011359027,0.156753489,0.036344259,c3
centermarsh_06_06_19_1200,1,6/6/2019 12:00,157,53.29446554,60.76626752,22.50297897,17.21726439,16.71686041,15.08518111,136.563712,48.49180028,0.458743228,0.04491364,45.73509054,5.333790798,0.39478037,0.023586287,0.146476402,0.059821187,c3
centermarsh_06_06_19_1200,2,6/6/2019 12:00,157,41.10221121,53.32984677,14.34388476,6.979258634,6.969990473,6.6932166,108.7759427,20.44509958,0.495119018,0.029281178,51.21359758,2.935014394,0.379051025,0.010952619,0.125829957,0.035362435,c3
towardsbuilding_06_07_19_1200,1,6/7/2019 12:00,158,52.45747113,64.27341494,29.67907844,12.95544647,12.97489408,11.03110841,146.4099645,36.64454438,0.444560839,0.025775646,46.41028032,4.466921867,0.358691558,0.009693929,0.196747603,0.029777993,mixed
towardsbuilding_06_07_19_1200,2,6/7/2019 12:00,158,56.27752081,67.43593895,33.33950046,10.89029023,10.4219032,8.184541848,157.0529602,29.04031701,0.431923747,0.016358069,45.25485661,4.19083156,0.357839909,0.0099684,0.210236343,0.018618885,mixed
centermarsh_06_13_19_1200,1,6/13/2019 12:00,164,43.8665319,63.27492358,28.31609309,5.835333379,5.348574969,5.148805236,135.4575486,15.65020835,0.468940978,0.018028618,54.36722217,3.441682091,0.323310938,0.012041669,0.207748084,0.018213926,c3
centermarsh_06_13_19_1200,2,6/13/2019 12:00,164,49.32866293,66.07339205,35.43301308,6.477275032,5.505655517,5.203709224,150.8350681,16.89143131,0.43954766,0.014762663,47.38510809,2.725302894,0.32639211,0.009252109,0.23406023,0.010777928,c3
centermarsh_06_16_19_1200,1,6/16/2019 12:00,167,34.79353019,47.68725768,21.51080033,11.39657651,10.23358185,9.014969291,103.9915882,30.31749774,0.468533563,0.039039214,39.07018485,3.700796692,0.331261745,0.018765394,0.200204692,0.029278002,mixed
centermarsh_06_20_19_1200,1,6/20/2019 12:00,171,47.70770122,62.16580629,31.85777497,24.37632269,24.62980295,23.14806187,141.7312825,71.79135381,0.459889523,0.056681979,44.7661364,7.045270065,0.335512513,0.018107526,0.204597964,0.055139104,mixed
centermarsh_06_20_19_1200,2,6/20/2019 12:00,171,50.46836566,64.38375118,32.01105724,13.19504753,12.77922317,9.310143118,146.8631741,34.51604102,0.441838354,0.021130204,46.28807947,6.610780594,0.341874123,0.015633294,0.216287523,0.021678324,mixed
centermarsh_06_21_19_1200,1,6/21/2019 12:00,172,49.46230421,55.91906653,20.9617569,15.59466896,14.50236042,13.36879926,126.3431276,42.88373236,0.452760515,0.037524731,41.41407195,6.458746529,0.394434306,0.02119189,0.152805179,0.047941842,c3
centermarsh_06_23_19_1200,1,6/23/2019 12:00,174,79.8233353,85.97996464,32.09958751,17.01181808,16.30491878,13.32353563,197.9028874,45.86623693,0.439630436,0.025954537,60.03700648,6.53327518,0.405567056,0.016807132,0.154802508,0.038554014,c3
centermarsh_06_23_19_1200,2,6/23/2019 12:00,174,66.32930682,71.58502137,30.46329678,27.39552805,26.73376363,15.04989225,168.377625,67.84990359,0.432647102,0.030622312,46.37743914,14.76928153,0.392790439,0.01997465,0.174562459,0.041797608,c3
centerright_05_01_19_1200,1,5/1/2019 12:00,121,98.49826642,86.12140093,62.43395809,17.74965093,17.29919231,16.44794075,247.0536254,51.158461,0.34913737,0.008078819,11.31057736,5.201145708,0.401180232,0.015179022,0.249682397,0.01816254,c3
rightmarsh_05_10_19_1200,1,5/10/2019 12:00,130,95.20127119,89.11248074,54.22939137,22.07337317,19.28432643,20.85587217,238.5431433,61.60435206,0.377770387,0.023181133,28.79429892,11.2538896,0.401969114,0.018568863,0.220260499,0.029676116,c3
centermarsh_05_14_19_1200,1,5/14/2019 12:00,134,188.1769268,171.6486773,96.22803723,19.6380151,14.0331213,18.69677436,456.0536414,50.56772468,0.377772319,0.016798666,58.89239059,18.26144061,0.41295979,0.008907023,0.209267891,0.017702523,c3
centermarsh_05_14_19_1200,2,5/14/2019 12:00,134,38.33670803,44.0568256,18.86152841,7.850652969,7.239590243,5.733470568,101.2550621,20.2114419,0.438504184,0.025045113,30.91541476,5.93427721,0.378361053,0.011664894,0.183134764,0.022675999,c3
centermarsh_05_14_19_1200,3,5/14/2019 12:00,134,135.7273115,126.1972731,58.00979974,24.35883247,19.2876735,18.7340472,319.9343843,61.07339754,0.397737196,0.023014128,58.65743502,14.86326679,0.425647211,0.017781354,0.176615593,0.027584943,c3
rightmarsh_05_22_19_1200,1,5/22/2019 12:00,142,85.83272659,90.55236159,38.86114132,22.23002058,19.30790668,18.36773455,215.2462295,59.07593448,0.428360663,0.032895426,56.41085528,9.548675023,0.400899071,0.019490767,0.170740266,0.040738312,c3
rightmarsh_05_22_19_1200,2,5/22/2019 12:00,142,88.05314402,95.14482759,38.21176471,9.501727814,8.266491023,8.256647575,221.4097363,25.61074763,0.431155948,0.014109106,64.02474645,4.543404007,0.39812668,0.009439911,0.170717371,0.017196945,c3
centerright_05_27_19_1200,1,5/27/2019 12:00,147,42.88707307,49.18805479,23.6855564,6.33647962,6.332782918,6.070374282,115.7606843,18.46177987,0.426953777,0.01728458,31.8034801,3.935383691,0.371235175,0.009399702,0.201811048,0.019953538,c3
centerright_05_27_19_1200,2,5/27/2019 12:00,147,40.53484781,47.14033777,23.37762168,7.671481463,6.855108343,6.847705712,111.0528073,21.08715004,0.427700945,0.020227108,30.36820605,3.288063041,0.365219343,0.01353133,0.207079712,0.021116966,c3
rightmarsh2_05_10_19_1200,1,5/10/2019 12:00,130,55.71719087,51.221275,33.25032391,11.97008672,10.43763929,11.04238203,140.1887898,32.66094277,0.368626348,0.027263716,13.47503521,9.396620483,0.399257725,0.019464148,0.232115927,0.025424382,mixed
rightmarsh3_05_10_19_1200,1,5/10/2019 12:00,130,72.11730205,64.45107971,44.67262063,9.10171247,6.763052035,7.364454778,181.2410024,22.32314275,0.35673847,0.017043843,12.11223674,8.247532938,0.397999736,0.014300341,0.245261794,0.011604471,mixed
rightmarsh3_05_10_19_1200,2,5/10/2019 12:00,130,59.99695637,50.4280239,34.43783114,14.54954184,11.06311601,11.23683478,144.8628114,35.89506195,0.351814461,0.026468371,6.421260286,8.026764349,0.415037034,0.031702158,0.233148505,0.023412964,c3
estuary_04_04_19_1200,1,4/4/2019 12:00,94,102.7564058,80.0989821,57.32379782,32.16708041,26.42922255,19.66800806,240.1791857,77.76269024,0.33269381,0.005020335,0.117760618,2.871295191,0.429233256,0.017323735,0.238072934,0.01740412,mixed
estuary_04_04_19_1200,2,4/4/2019 12:00,94,198.8993096,159.6681259,102.6636639,24.98146416,24.06401218,21.6732945,461.2310995,70.41293223,0.346302426,0.003079392,17.77327833,4.024368378,0.433426112,0.01562717,0.220271462,0.017141151,phragmites
estuary_04_25_19_1200,1,4/25/2019 12:00,115,63.09089073,54.72086447,39.59907089,11.71024846,10.17154115,8.004432556,157.4108261,29.05520479,0.34773964,0.012700145,6.75176732,5.223913971,0.401003251,0.01582346,0.251257109,0.017968672,mixed
estuary_04_25_19_1200,2,4/25/2019 12:00,115,104.1206259,86.90648947,58.70660736,19.41502699,16.7256467,15.2982368,249.7337227,51.06874392,0.349308123,0.009498621,10.98574567,4.187565221,0.41922419,0.017017267,0.231467687,0.021915027,phragmites
estuary_04_30_19_1200,1,4/30/2019 12:00,120,79.52720028,69.95495495,50.06496881,17.66874349,14.92658804,12.58167313,199.547124,44.37004369,0.351781109,0.015545854,10.31774082,7.004037048,0.398711043,0.016901671,0.249507848,0.018435114,mixed
estuary_04_30_19_1200,2,4/30/2019 12:00,120,142.776709,121.9208597,81.47785996,41.09922673,35.25647663,31.46100909,346.1754287,107.0382826,0.35562938,0.015560832,19.58715049,7.574240627,0.41733932,0.026982667,0.2270313,0.035951117,phragmites
estuary_05_01_19_1200,1,5/1/2019 12:00,121,70.17362502,63.10244955,45.82052072,19.96136223,16.97976168,12.57285644,179.0965953,48.60403268,0.353122949,0.017972209,10.21075335,8.082278064,0.390047804,0.01990948,0.256829248,0.022976138,mixed
estuary_05_01_19_1200,2,5/1/2019 12:00,121,146.1453332,125.3903775,84.02550055,34.87692041,29.6552636,26.17592152,355.5612113,90.03604143,0.35474926,0.01105544,20.60992131,6.282678679,0.413707877,0.019314839,0.231542863,0.025283755,phragmites
estuary_05_07_19_1200,1,5/7/2019 12:00,127,44.73246606,45.35986991,33.50346437,15.94232706,14.17798365,11.96823978,123.5958003,41.52153552,0.370497001,0.02331982,12.48380939,6.337623651,0.359778176,0.018183233,0.269724822,0.025194085,mixed
estuary_05_07_19_1200,2,5/7/2019 12:00,127,62.07020453,62.24543947,44.05997789,24.12224745,19.84636909,17.87747431,168.3756219,61.62461953,0.37737204,0.026208836,18.36069652,5.368589748,0.365344762,0.017042831,0.257283198,0.019251686,phragmites
estuary_05_10_19_1200,1,5/10/2019 12:00,130,87.34378576,83.51567864,59.02792401,15.5120746,14.48934793,12.76245166,229.8873884,42.02249146,0.364269779,0.014229243,20.65964752,8.638959159,0.380503024,0.011665014,0.255227197,0.014885903,mixed
estuary_05_10_19_1200,2,5/10/2019 12:00,130,121.9609274,118.0309663,83.90223735,31.10169321,28.19815417,26.27101782,323.894131,85.19951486,0.367392081,0.013876814,30.19876783,5.784665047,0.37800995,0.01330434,0.254597969,0.021332528,phragmites
estuary_05_13_19_1200,1,5/13/2019 12:00,133,56.89780138,59.30790013,40.51928452,13.91465143,12.45265473,10.47161229,156.724986,36.30366682,0.380806392,0.01970835,21.19871437,7.0132984,0.36190202,0.012568379,0.257291588,0.015884649,mixed
estuary_05_13_19_1200,2,5/13/2019 12:00,133,60.2919157,63.47294747,43.61788298,20.18438094,19.34184824,16.45846377,167.3827461,55.6525442,0.383833458,0.020062407,23.03609626,5.694893103,0.360318772,0.011047484,0.25584777,0.023564674,phragmties
estuary_05_14_19_1200,1,5/14/2019 12:00,134,28.08427673,30.31236897,25.04444444,5.745952047,5.823547905,4.878528188,83.44109015,16.10548769,0.363748532,0.01662418,7.496016771,4.049930201,0.335867325,0.0087447,0.300384143,0.015714682,mixed
estuary_05_14_19_1200,2,5/14/2019 12:00,134,26.57352941,28.35997442,23.42369991,7.311674979,7.037024889,6.145185875,78.35720375,20.39702562,0.363098406,0.010448234,6.722719523,2.024590781,0.337813856,0.010295245,0.299087738,0.010823723,phragmites
estuary_05_15_19_1200,1,5/15/2019 12:00,135,100.3403778,100.5388984,66.78549729,23.4604134,21.2317504,20.01017458,267.6647735,63.84046455,0.378751939,0.021174863,33.95192181,11.24423527,0.375548931,0.010881955,0.24569913,0.023766956,mixed
estuary_05_15_19_1200,2,5/15/2019 12:00,135,105.675315,108.0194218,74.43395107,34.61664513,32.17321903,28.27895703,288.1286879,94.66243508,0.379280548,0.019321211,35.92957746,9.036858994,0.367546469,0.012817999,0.253172982,0.02161511,phragmites
estuary_05_16_19_1200,1,5/16/2019 12:00,136,58.24659569,61.06288685,41.02178757,21.46107198,20.66908324,14.4156449,160.3312701,55.86319072,0.382673168,0.018956514,22.85739044,9.973489586,0.359465011,0.019094361,0.257861822,0.02585127,mixed
estuary_05_16_19_1200,2,5/16/2019 12:00,136,99.42157204,95.98676419,62.02473006,31.16951367,28.23093854,25.40805791,257.4330663,84.27134658,0.378556595,0.022928648,30.52722629,6.833607844,0.389221987,0.020116527,0.232221418,0.034912339,phragmites
estuary_05_20_19_1200,1,5/20/2019 12:00,140,93.53892113,96.58569478,61.24974394,27.19043443,25.57289454,20.81258445,251.3743598,72.52117496,0.387459872,0.023854861,38.38272448,14.02002234,0.371854452,0.010623731,0.240685676,0.024839095,mixed
estuary_05_20_19_1200,2,5/20/2019 12:00,140,115.2819738,119.3904666,82.88754616,38.27337801,36.48591562,33.74274973,317.5599866,108.0982202,0.382569666,0.026181637,40.61141323,8.921561339,0.365029966,0.016189469,0.252400368,0.03284297,phragmites
estuary_05_22_19_1200,1,5/22/2019 12:00,142,69.8879845,72.35581395,47.8244186,14.22350571,14.05803297,10.24798113,190.0682171,37.54710622,0.381368325,0.017331702,26.99922481,10.06342813,0.367348674,0.007926616,0.251283001,0.018450669,mixed
estuary_05_22_19_1200,2,5/22/2019 12:00,142,78.20276282,81.90025755,55.06649497,21.21671609,19.54838775,17.04290711,215.1695153,57.51126816,0.383648456,0.014315965,30.53125732,5.073455214,0.363288286,0.010009475,0.253063258,0.015911925,phragmites
estuary_05_27_19_1200,1,5/27/2019 12:00,147,71.27027624,77.23270718,47.17171271,45.22897451,43.61574122,23.30177975,195.6746961,111.0423398,0.39393606,0.028833323,36.02342541,23.4435922,0.344964059,0.040539107,0.261099881,0.057126507,mixed
estuary_05_27_19_1200,2,5/27/2019 12:00,147,134.307156,138.6300917,78.50201835,26.65061864,24.90315407,22.81789009,351.4392661,73.68083929,0.397367268,0.017140504,64.45100917,9.567073477,0.383353745,0.012007042,0.219278987,0.023165561,phragmites
estuary_05_28_19_1200,1,5/28/2019 12:00,148,92.36785645,98.20889409,58.23307977,23.12536962,21.44015651,18.79743172,248.8098303,62.56654294,0.399291547,0.024287648,45.81685196,10.30571536,0.371317577,0.009958951,0.229390876,0.026516627,mixed
estuary_05_28_19_1200,2,5/28/2019 12:00,148,107.3625503,116.141046,75.80726563,32.68880367,31.75748948,28.24404283,299.3108619,92.34079487,0.394316758,0.025257684,49.112276,7.923860376,0.359553906,0.011380888,0.246129336,0.029589802,phragmites
estuary_05_29_19_1200,1,5/29/2019 12:00,149,72.72011888,78.59930224,44.47292932,19.44604965,18.69578121,15.4504146,195.7923504,52.93356378,0.406067203,0.02350416,40.00555627,8.682778274,0.371705255,0.009811959,0.222227542,0.027433998,mixed
estuary_05_29_19_1200,2,5/29/2019 12:00,149,94.67719142,100.8101089,67.08014514,30.95119255,28.74694496,26.81272243,262.5674454,86.16929959,0.391619107,0.028420673,39.86288115,6.318969575,0.361188625,0.013251434,0.247192268,0.031908516,phragmites
estuary_05_30_19_1200,1,5/30/2019 12:00,150,113.3708778,118.1790737,66.6106935,20.55009962,18.42510462,17.25160613,298.160645,55.07490864,0.399111737,0.021801477,56.37657614,12.97556422,0.380690487,0.009299767,0.220197776,0.023562865,mixed
estuary_05_30_19_1200,2,5/30/2019 12:00,150,82.21238316,90.34900555,56.25630754,32.2798595,31.31844749,28.04332947,228.8176963,91.22937919,0.406253323,0.037593601,42.2293204,8.772283676,0.360899695,0.015359867,0.232846982,0.042693673,phragmites
estuary_05_31_19_1200,1,5/31/2019 12:00,151,31.70536148,38.23932557,24.35953421,9.969487132,10.60982272,7.002939892,94.30422125,26.81501237,0.406756093,0.027352404,20.41375546,8.57077407,0.333227177,0.015239847,0.26001673,0.026672115,mixed
estuary_05_31_19_1200,2,5/31/2019 12:00,151,31.18119757,37.76546307,27.59816582,15.01797353,15.95780916,12.74744422,96.54482645,43.42636282,0.396101307,0.029913217,16.75156276,7.159589658,0.319035285,0.018251445,0.284863408,0.021996995,phragmites
estuary_06_04_19_1200,1,6/4/2019 12:00,155,91.52440671,99.18001158,63.07100135,19.7096576,20.80150557,16.46559324,253.7754196,55.29737611,0.392221197,0.023468239,43.76461509,17.68598491,0.360977321,0.008985563,0.246801482,0.021624616,mixed
estuary_06_04_19_1200,2,6/4/2019 12:00,155,70.91230592,81.66589994,55.10293272,28.86906085,29.84205736,25.59234318,207.6811386,83.75876168,0.401845791,0.035440614,37.31656124,11.39466277,0.340659772,0.01459211,0.257494437,0.034626471,phragmites
estuary_06_05_19_1200,1,6/5/2019 12:00,156,40.6815064,46.15598206,25.42072286,12.25977261,11.78619779,8.690066857,112.2582113,32.27091035,0.415216824,0.022724137,26.20973486,6.207305427,0.360796022,0.012704257,0.223987155,0.023205876,mixed
estuary_06_05_19_1200,2,6/5/2019 12:00,156,40.88677966,46.60903955,27.41875706,11.44998832,11.80398259,9.337927522,114.9145763,32.31068001,0.408963896,0.018698303,24.91254237,5.119440351,0.356197319,0.010071315,0.234838785,0.022042278,phragmites
estuary_06_06_19_1200,1,6/6/2019 12:00,157,75.21975136,82.73874978,44.12432148,21.01387754,21.58621461,15.01490055,202.0828226,56.88150929,0.412872871,0.022344277,46.13342672,11.68986515,0.37252162,0.008505199,0.214605509,0.02637712,mixed
estuary_06_06_19_1200,2,6/6/2019 12:00,157,75.79220047,84.85085811,51.26283136,29.56394766,27.9081418,25.53452521,211.9058899,82.60443885,0.412392765,0.038506053,42.64668439,7.924552118,0.358239146,0.014832368,0.22936809,0.041510981,phragmites
estuary_06_07_19_1200,1,6/7/2019 12:00,158,75.32762535,84.75193945,56.48429518,17.21765854,17.81893877,13.1902887,216.56386,47.75703461,0.392360463,0.013046085,37.69195837,8.868564427,0.34716677,0.006583117,0.260472767,0.014117811,mixed
estuary_06_07_19_1200,2,6/7/2019 12:00,158,64.87289803,73.53864043,50.38872987,20.06844088,20.33690719,16.93691187,188.8002683,56.984951,0.392875811,0.016782499,31.81565295,7.752794906,0.343021949,0.008701227,0.26410224,0.016927018,phragmites
estuary_06_11_19_1200,1,6/11/2019 12:00,162,69.99557522,78.941336,42.70189837,38.41652509,40.2695257,21.22465629,191.6388096,98.59643256,0.412046601,0.037212652,45.1851984,25.20437114,0.349881066,0.044286976,0.238072333,0.067603043,mixed
estuary_06_11_19_1200,2,6/11/2019 12:00,162,84.11107284,91.86453131,52.51552724,39.90094946,37.31837785,32.98045646,228.4911314,109.348077,0.421771385,0.055389192,47.10246255,12.59828434,0.369806314,0.025500712,0.208422301,0.060431101,phragmites
estuary_06_13_19_1200,1,6/13/2019 12:00,164,36.49568865,45.74155209,29.05732929,11.27749859,12.3857048,8.734652167,111.29457,31.96747204,0.413934449,0.022362508,25.93008623,7.677245552,0.325082231,0.014512025,0.26098332,0.020370368,mixed
estuary_06_13_19_1200,2,6/13/2019 12:00,164,36.48036759,46.93817878,31.23141186,5.606135304,5.728779749,5.558513531,114.6499582,16.6117965,0.411090214,0.0153926,26.16457811,3.13606944,0.317888378,0.01178199,0.271021407,0.011418335,phragmites
estuary_06_17_19_1200,1,6/17/2019 12:00,168,101.2301018,113.3070539,58.07544323,22.9344401,25.15860675,15.98783631,272.612599,63.07712302,0.416917492,0.015493635,67.30856281,15.90324039,0.371795248,0.006750367,0.21128726,0.020149174,mixed
estuary_06_17_19_1200,2,6/17/2019 12:00,168,105.0017928,115.7943867,73.34272997,39.35805513,37.6666893,34.70748945,294.1389095,111.2602655,0.405461472,0.039091355,53.24425074,9.795320983,0.358019118,0.015394874,0.23651941,0.042325869,phragmites
estuary_06_18_19_1200,1,6/18/2019 12:00,169,82.06641124,92.30747126,55.39335888,21.04997162,22.056147,15.8733548,229.7672414,58.43020257,0.403441463,0.015133217,47.15517241,11.37947109,0.357021419,0.006141369,0.239537118,0.015362084,mixed
estuary_06_18_19_1200,2,6/18/2019 12:00,169,88.89927822,101.2942913,68.84776903,20.39120255,20.92398781,18.04531877,259.0413386,59.07556305,0.393249982,0.013289084,44.84153543,7.219027788,0.343255949,0.007382789,0.263494069,0.013063653,phragmites
estuary_06_20_19_1200,1,6/20/2019 12:00,171,102.1429719,113.8525531,60.07297762,20.77887741,20.19751429,17.38536864,276.0685026,57.64350934,0.415529099,0.019822153,65.48915663,10.18872705,0.370599973,0.008768213,0.213870928,0.022594921,mixed
estuary_06_20_19_1200,2,6/20/2019 12:00,171,85.20862588,97.35473086,59.16181879,23.05795967,23.24829357,19.65346676,241.7251755,65.4890021,0.407259817,0.021115318,50.33901705,8.687673132,0.352426526,0.008121455,0.240313657,0.02240251,phragmites
estuary_06_25_19_1200,1,6/25/2019 12:00,176,78.57116536,85.30554276,43.00644864,25.36233515,25.83669291,11.36949052,206.8831568,61.65027295,0.411454503,0.015066162,49.03347152,17.26135413,0.375196594,0.020024077,0.213348903,0.030805248,mixed
estuary_06_25_19_1200,2,6/25/2019 12:00,176,76.9171031,83.37101601,45.57058956,29.87626165,29.17056369,22.59616786,205.8587087,80.65511092,0.413366385,0.031893566,44.25433937,13.37777496,0.374810015,0.01918127,0.211823599,0.04062835,phragmites
estuary2_06_05_19_1200,1,6/5/2019 12:00,156,100.3054454,113.7322892,73.57850912,40.22555551,39.78510488,31.75626284,287.6162437,110.7234937,0.401951888,0.030562495,53.58062384,18.2877062,0.346528897,0.017004214,0.251519215,0.029265153,mixed
estuary2_06_05_19_1200,2,6/5/2019 12:00,156,30.80926023,38.61625793,28.80380591,23.49514673,26.99173478,17.16565902,98.22932407,65.79365981,0.391008874,0.065550164,17.61944972,20.90796629,0.299273528,0.036792185,0.309717598,0.072012747,phragmites
estuary2_06_11_19_1200,1,6/11/2019 12:00,162,88.80154486,100.2474153,55.30481283,19.89938018,20.84591188,18.06891028,244.353773,57.86023238,0.414124589,0.025257931,56.38847296,12.79117294,0.36486462,0.010635343,0.221010791,0.030507463,mixed
estuary2_06_11_19_1200,2,6/11/2019 12:00,162,58.08675647,70.63091737,41.08969737,29.8170666,29.67040549,25.99128981,169.8073712,84.46896675,0.443104296,0.083329692,42.08538089,14.18476129,0.335138773,0.038550086,0.221756931,0.063967545,phragmites
estuary3_06_17_19_1200,1,6/17/2019 12:00,168,128.9929282,142.8884053,71.90822195,36.44723657,36.15053816,31.50885352,343.7895555,102.3496948,0.423310536,0.036041233,84.87566055,21.59330573,0.377882029,0.018082182,0.198807435,0.044199149,mixed
estuary3_06_17_19_1200,2,6/17/2019 12:00,168,89.99694995,107.6339942,43.02426175,34.15292176,36.87037476,24.24715236,240.6552059,93.26290933,0.457563966,0.039774761,82.24677665,23.51483977,0.375536805,0.01506325,0.166899229,0.049840074,phragmites
estuary2_06_17_19_1200,1,6/17/2019 12:00,168,83.80054496,92.49427793,51.1106267,14.54183975,16.48403428,11.54226369,227.4054496,41.03864409,0.40758916,0.021762416,50.0773842,15.51477664,0.369118407,0.008287094,0.223292434,0.020669199,mixed
estuary2_06_17_19_1200,2,6/17/2019 12:00,168,70.08280255,80.19435851,52.75104641,25.88612782,27.15256558,22.79993003,203.0282075,75.43128348,0.401682763,0.026650487,37.55486806,9.812264037,0.345738611,0.009802265,0.252578626,0.02991312,phragmites
leftmarsh_05_07_19_1200,1,5/7/2019 12:00,127,86.43835331,76.79204644,57.42445445,17.23785963,16.62565033,15.48182955,220.6548542,48.87905224,0.348546266,0.010573332,9.721285125,6.469138846,0.393762406,0.013968041,0.257691328,0.01722389,c3
rightmarsh_03_14_19_1200,1,3/14/2019 12:00,73,76.94702915,62.12088701,46.74744197,16.1563979,15.25150826,13.85039171,185.8153581,45.04709827,0.334080254,0.004451932,0.547302891,2.310366036,0.418102467,0.020151141,0.247817279,0.019923681,c3
rightmarsh_03_14_19_1200,2,3/14/2019 12:00,73,87.23387097,72.71068548,59.23891129,6.243160004,6.403554763,6.440806778,219.1834677,18.57377132,0.331671697,0.004683116,-1.05141129,3.056763047,0.398450997,0.008983736,0.269877307,0.009715538,c3
rightmarsh_04_22_19_1200,1,4/22/2019 12:00,112,70.97308463,59.24763775,45.64388268,16.45998061,15.69921606,14.91414745,175.8646051,46.82676197,0.337176507,0.006954532,1.878308177,2.999924778,0.407352844,0.019404663,0.25547065,0.020930755,mixed
rightmarsh_04_22_19_1200,2,4/22/2019 12:00,112,89.73655506,77.038249,60.27453317,15.46215074,14.68427446,12.90893016,227.0493372,42.84710069,0.339185863,0.004256383,4.065409759,2.903592788,0.396617706,0.010178412,0.264196431,0.010632165,c3
rightmarsh_04_22_19_1200,3,4/22/2019 12:00,112,108.2462006,95.32320162,80.55724417,7.043128026,6.554336678,7.038255052,284.1266464,20.1653703,0.335566448,0.003176082,1.84295846,2.597911972,0.381190769,0.006339642,0.283242782,0.007810651,c3
rightmarsh_04_26_19_1200,1,4/26/2019 12:00,116,93.18986736,75.98759218,60.87942013,10.33554587,10.14827514,10.20129786,230.0568797,30.64070331,0.330299101,0.00252157,-2.094103138,1.694986035,0.406297458,0.009711654,0.263403441,0.009816044,c3
rightmarsh_04_26_19_1200,2,4/26/2019 12:00,116,100.5371831,84.38845056,59.75776398,17.86304802,17.26357675,16.76229065,244.6833977,51.71164445,0.345438951,0.006479629,8.481954004,3.90009794,0.414083206,0.017074581,0.240477842,0.019599373,c3
centerdifferentview_05_15_19_1200,1,5/15/2019 12:00,135,107.4882656,94.51908033,63.19919863,23.18071576,22.19110319,22.40549718,265.2065446,67.53001279,0.358432278,0.012043121,18.35069643,6.170391984,0.409766717,0.021333819,0.231801005,0.028307123,c3
rightmarsh_05_20_19_1200,1,5/20/2019 12:00,140,40.66707999,50.36207174,20.3509988,10.35852023,9.615153435,7.179110908,111.3801505,26.08626429,0.456325498,0.024414753,39.7060647,6.410959759,0.363452074,0.019427069,0.180222428,0.029837702,c3
rightmarsh_05_20_19_1200,2,5/20/2019 12:00,140,82.49829352,87.78384528,60.93174061,11.69444738,9.711954542,10.61205511,231.2138794,31.78283939,0.38114676,0.012567119,32.13765643,5.27613624,0.356625179,0.005434788,0.262228061,0.010819397,c3
rightmarsh_05_27_19_1200,1,5/27/2019 12:00,147,75.20439315,86.1827778,38.14541632,25.31749269,22.84274391,22.51680709,199.5325873,70.15549484,0.442788704,0.036985309,59.01574613,9.332673049,0.379114147,0.015562969,0.178097149,0.043656157,c3
rightmarsh_05_27_19_1200,2,5/27/2019 12:00,147,83.99447097,90.9017341,57.29328977,8.15978992,9.519377423,10.49037399,232.1894948,26.59187816,0.392029768,0.010554439,40.51570746,6.626268403,0.362924928,0.019921473,0.245045304,0.018754215,c3
rightmarsh_05_28_19_1200,1,5/28/2019 12:00,148,119.942067,119.9836972,56.41135371,15.29591126,11.2362138,12.3449234,296.3371179,34.44177355,0.406133273,0.016074345,63.6139738,10.89134842,0.405343857,0.030333429,0.18852287,0.025019739,c3
rightmarsh_05_28_19_1200,2,5/28/2019 12:00,148,118.668603,120.7795527,56.35056637,13.40907439,11.7062596,14.15351077,295.798722,35.66035757,0.409574089,0.014213075,66.5399361,8.779685409,0.402502925,0.027642045,0.187922985,0.028421498,c3
rightmarsh_05_28_19_1200,3,5/28/2019 12:00,148,78.44775596,102.0420757,33.97370266,6.279171575,6.417294868,5.884931554,214.4635344,18.32049535,0.476813601,0.012631142,91.66269285,2.684870018,0.365987514,0.004779947,0.157198884,0.015507738,c3
rightmarsh_05_30_19_1200,1,5/30/2019 12:00,150,38.9896657,46.20762335,23.1919777,4.964291729,5.19125964,4.354768524,108.3892667,13.67442704,0.427143101,0.01653137,30.23360331,5.228271651,0.359741143,0.008900761,0.213115756,0.018531579,c3
rightmarsh_05_30_19_1200,2,5/30/2019 12:00,150,51.75653924,59.41408451,37.05070423,9.764285258,9.379220082,9.013534537,148.221328,28.00113776,0.402782493,0.012052127,30.02092555,3.136771669,0.3492041,0.004921068,0.248013407,0.012374538,c3
rightmarsh_06_02_19_1200,1,6/2/2019 12:00,153,33.33266887,38.20609935,14.97527724,8.190202479,7.752839899,6.659378758,86.51404546,21.90821224,0.445837601,0.024310843,28.10425259,4.938704205,0.385811746,0.01299448,0.168350654,0.031641626,c3
rightmarsh_06_02_19_1200,2,6/2/2019 12:00,153,53.10651186,59.01009591,30.73296315,6.492673649,6.521595752,5.721293627,142.8495709,18.38663288,0.41413831,0.011613606,34.18071681,3.503339199,0.372283498,0.010934353,0.213578192,0.01476049,c3
rightmarsh_06_04_19_1200,1,6/4/2019 12:00,155,66.85138733,78.41871113,50.88013219,10.54639149,10.65290604,8.793830648,196.1502306,29.12822454,0.400576837,0.013198662,39.10590274,7.457937685,0.340456235,0.008037504,0.258966928,0.014791496,c3
rightmarsh_06_04_19_1200,2,6/4/2019 12:00,155,62.9852861,75.23106267,52.70081744,5.759000481,5.79239289,5.67978435,190.9171662,16.9459885,0.394431735,0.005830788,34.7760218,2.468221687,0.329850354,0.00405774,0.275717911,0.007647996,c3
rightmarsh_06_05_19_1200,1,6/5/2019 12:00,156,36.84399279,42.96638444,25.85844652,8.803452261,8.592964727,8.0018838,105.6688237,24.84026947,0.409012621,0.019127191,23.23032957,4.942449234,0.348551347,0.012607915,0.242436032,0.02394887,mixed
rightmarsh_06_05_19_1200,2,6/5/2019 12:00,156,46.62649021,52.62273957,28.65526295,6.9106299,6.463552595,6.312712852,127.9044927,19.00467834,0.412870313,0.015576408,29.96372599,4.90681773,0.364638126,0.010172413,0.222491561,0.019286639,c3
rightmarsh_06_13_19_1200,1,6/13/2019 12:00,164,34.53040615,38.5935236,22.90636663,2.496920433,3.208559367,2.718690078,96.03029638,6.571090741,0.401764473,0.016096179,19.75027442,4.919294589,0.360430482,0.026502386,0.237805044,0.01421652,c3
rightmarsh_06_13_19_1200,2,6/13/2019 12:00,164,27.21004682,31.75147598,14.03786645,3.886018785,3.370637626,3.369235781,72.99938925,10.17883555,0.437063297,0.023158026,22.25503868,3.617108426,0.37261895,0.011969186,0.190317753,0.019954725,c3
rightmarsh_06_13_19_1200,3,6/13/2019 12:00,164,28.30312031,36.66348483,15.63741493,4.471732582,4.963701565,3.496782816,80.60402007,12.6296544,0.456827261,0.01776791,29.38643442,3.417769329,0.35116702,0.007756488,0.192005719,0.019767888,c3
rightmarsh_06_16_19_1200,1,6/16/2019 12:00,167,44.8928902,51.52945179,30.25002722,9.647957115,10.33929944,8.75074196,126.6723692,27.69761769,0.408774094,0.0181741,27.91598617,6.28688572,0.3556526,0.022411392,0.235573306,0.028348421,c3
rightmarsh_06_16_19_1200,2,6/16/2019 12:00,167,42.66220557,52.72965739,25.13436831,5.183398766,5.230953001,4.236657025,120.5262313,14.44231483,0.438597236,0.011296006,37.6627409,2.587465849,0.35391259,0.004437788,0.207490173,0.012458476,c3
rightmarsh_06_21_19_1200,1,6/21/2019 12:00,172,64.85939173,65.38734204,43.28710645,9.355110225,9.533478963,9.011359007,173.5338402,27.02124283,0.377666474,0.015547954,22.62818591,7.432038745,0.37476793,0.018377472,0.247565596,0.014339748,c3
rightmarsh_06_21_19_1200,2,6/21/2019 12:00,172,55.2534486,66.46221537,33.24128803,16.48535031,16.91095315,14.64519481,154.956952,47.32861399,0.434681772,0.026032592,44.42969412,7.588143606,0.357042591,0.014622177,0.208275638,0.033697436,c3
rightmarsh_06_25_19_1200,1,6/25/2019 12:00,176,62.77786264,65.3612747,34.29362049,17.24718681,14.50633802,13.22905028,162.4327578,44.24130793,0.40836672,0.025671242,33.65106627,4.898876578,0.38709133,0.020995899,0.20454195,0.033004758,c3
rightmarsh2_06_21_19_1200,1,6/21/2019 12:00,172,53.50165001,57.27411794,29.98476437,19.52150944,18.38143649,17.16870674,140.7605323,54.55755054,0.415978326,0.031428645,31.06182149,6.566073051,0.383266147,0.021749671,0.200755527,0.043103792,c3
rightmarsh2_06_21_19_1200,2,6/21/2019 12:00,172,59.19612788,68.20409989,41.92573009,17.11550825,18.42708631,15.73848473,169.3259579,50.78597736,0.406359782,0.018895708,35.28634182,7.848353615,0.350574321,0.011681503,0.243065897,0.022208892,mixed
towardsbuilding_05_16_19_1200,1,5/16/2019 12:00,136,108.4008694,111.8876866,72.01138726,24.70441526,24.32313693,22.18169745,292.2999433,69.82447937,0.385643081,0.022310681,43.36311661,15.91446097,0.37201739,0.010386246,0.242339529,0.025858464,mixed
towardsbuilding_05_16_19_1200,2,5/16/2019 12:00,136,103.1439609,107.5851505,67.57799123,20.71929009,19.37464214,19.125909,278.3071026,58.33629388,0.389391264,0.019849677,44.44834889,11.97841928,0.371399776,0.009747761,0.23920896,0.021974331,mixed
towardsbuilding_05_27_19_1200,1,5/27/2019 12:00,147,36.8020202,39.18549784,23.81583694,12.80154799,13.25849663,10.97300448,99.80335498,36.10738995,0.396726259,0.030646184,17.75313853,7.676919227,0.370430505,0.017579943,0.232843236,0.045559136,mixed
towardsbuilding_05_27_19_1200,2,5/27/2019 12:00,147,37.8560749,40.25058152,27.62057402,14.15366111,15.18998468,10.72370255,105.7272304,38.79891291,0.38088569,0.031352444,15.02451411,10.50619896,0.357868821,0.018235651,0.261245488,0.045743873,mixed
towardsbuilding_06_18_19_1200,1,6/18/2019 12:00,169,26.16285035,33.56713146,13.71850954,7.440593712,7.485028786,5.40346303,73.44849135,19.88943867,0.462786171,0.029060718,27.25290305,4.296554644,0.355353685,0.013351581,0.181860144,0.031174303,mixed
towardsbuilding_06_18_19_1200,2,6/18/2019 12:00,169,33.66536021,41.03970698,19.85101717,7.516221282,8.016754914,6.23558502,94.55608436,21.07140116,0.437496049,0.028048747,28.56303658,6.52845531,0.356186271,0.011194349,0.20631768,0.028580285,mixed
towardsbuilding_06_18_19_1200,3,6/18/2019 12:00,169,32.75013772,40.28693559,18.6190243,8.479549419,8.785509839,5.730964912,91.65609761,22.2076971,0.442615439,0.023692147,29.20470915,6.413890814,0.356008495,0.013714058,0.201376066,0.02803811,mixed
