,Filename,ROI,Date,DOY,Red_Avg,Green_Avg,Blue_Avg,Red_SD,Green_SD,Blue_SD,Brightness_Avg,Brightness_SD,Green_Index,Green_Index_SD,Greenness_Excess_index,Greenness_Excess_index_SD,Red_index,Red_Index_SD,Blue_Index,Blue_Index_SD,plant
1,behindestuary_06_05_18_1200,1,6/5/2018 12:00,156,100.8253745,124.7349845,47.16886219,16.70577189,15.06618073,17.67539164,272.7292212,45.32265877,0.4618313,0.037831297,101.4757322,24.89304139,0.369836249,0.007333451,0.168332451,0.037855691,mixed
2,centerdifferentview_04_23_18_1200,1,4/23/2018 12:00,113,111.2323701,86.92268068,65.15546283,13.92440953,13.24338445,12.07657844,263.3105136,38.56489992,0.329841922,0.005604576,-2.54247154,4.120594996,0.424084947,0.016411726,0.246073132,0.014535175,c3
3,centerdifferentview_04_23_18_1200,2,4/23/2018 12:00,113,116.5781866,97.96599869,83.0096912,9.231402461,8.210212157,6.844735724,297.5538765,23.543075,0.329139835,0.003989502,-3.65588042,3.490277738,0.391847419,0.006563777,0.279012746,0.008406475,mixed
4,centermarsh_03_01_18_1200,1,3/1/2018 12:00,60,76.74903349,59.15343857,46.91712512,9.058929493,9.418624551,10.00644239,182.8195972,28.12916797,0.323289809,0.004086886,-5.359281476,1.955854513,0.422356388,0.018574872,0.254353803,0.017492775,mixed
5,centermarsh_03_05_18_1200,1,3/5/2018 12:00,64,154.2224301,117.1445328,81.77812759,24.05218304,22.62995267,20.72799318,353.1450905,67.01044867,0.331496219,0.004380751,-1.711492102,4.263579386,0.440195529,0.021159651,0.228308252,0.020528822,mixed
6,centermarsh_03_05_18_1200,2,3/5/2018 12:00,64,133.7358213,105.2779561,86.49933119,15.76436542,15.82710265,17.30600838,325.5131086,48.30941482,0.323323449,0.003852127,-9.679240235,3.715444006,0.412943401,0.016055811,0.26373315,0.016522848,mixed
7,centermarsh_03_07_18_1200,1,3/7/2018 12:00,66,79.22928895,58.06159042,43.63005548,13.61396345,12.70609195,11.64024371,180.9209348,37.66197993,0.32018088,0.00729294,-6.736163598,3.244122552,0.441730197,0.021694077,0.238088922,0.018648458,mixed
8,centermarsh_03_07_18_1200,2,3/7/2018 12:00,66,78.24740928,57.26701571,41.99490883,13.39023102,12.2396398,10.64239164,177.5093338,35.74481937,0.32182585,0.00855989,-5.708286694,3.939210244,0.443966389,0.021129747,0.234207762,0.017519312,mixed
9,centermarsh_03_08_18_1200,1,3/8/2018 12:00,67,53.59096698,41.04959342,34.00836681,10.30055489,8.310262287,6.802162671,128.6489272,24.72126497,0.318458339,0.007768103,-5.500146958,2.467513378,0.417180793,0.018129431,0.264360868,0.018736248,mixed
10,centermarsh_03_08_18_1200,2,3/8/2018 12:00,67,189.2549457,143.3183103,99.88769894,41.91968388,31.32004276,18.37152618,432.4609549,91.28728345,0.330703944,0.004594147,-2.506024096,4.651760232,0.436107612,0.010223015,0.233188444,0.012982402,mixed
11,centermarsh_03_12_18_1200,1,3/12/2018 12:00,71,70.78382678,54.30442755,42.01081271,8.431081289,8.066270299,7.880280323,167.099067,24.04028238,0.324787491,0.005157919,-4.185784393,2.399608668,0.425254584,0.015128169,0.249957924,0.013913623,mixed
12,centermarsh_03_12_18_1200,2,3/12/2018 12:00,71,82.29483525,67.68452856,59.78953369,7.385319007,5.789091406,5.739235417,209.7688975,17.60339242,0.322637063,0.004004344,-6.715311823,2.53675678,0.392196473,0.013412089,0.285166464,0.014124835,mixed
13,centermarsh_03_14_18_1200,1,3/14/2018 12:00,73,92.57340946,74.46281191,61.49525708,11.26761586,10.59525954,10.27641089,228.5314785,31.32778498,0.325620663,0.004262698,-5.143042716,2.708896895,0.406203794,0.014979637,0.268175543,0.015203878,mixed
14,centermarsh_03_15_18_1200,1,3/15/2018 12:00,74,138.1192544,112.0747117,86.29654877,23.24435076,21.03500338,19.43172097,336.490515,61.98903535,0.332906232,0.004534592,-0.266379713,4.398780856,0.412059563,0.019774619,0.255034206,0.021894421,mixed
15,centermarsh_03_15_18_1200,2,3/15/2018 12:00,74,117.251482,88.88095552,61.98805603,22.37734565,21.74970019,20.77599696,268.1204936,64.57705885,0.331198844,0.004846783,-1.477627014,3.400410251,0.442949193,0.026554796,0.225851962,0.025983378,c3
16,centermarsh_03_16_18_1200,1,3/16/2018 12:00,75,49.09448434,35.94272168,28.08980895,4.235240029,4.270497354,4.986997841,113.127015,12.90392722,0.317570009,0.005217059,-5.298849927,1.722252818,0.435734772,0.020083973,0.246695219,0.019882151,mixed
17,centermarsh_03_22_18_1200,1,3/22/2018 12:00,81,122.2196105,110.9140363,106.5513768,22.5473693,23.24705145,23.88224809,339.6850235,69.4663185,0.326254753,0.004039638,-6.942914708,3.587626937,0.361147268,0.009014596,0.312597979,0.008572032,mixed
18,centermarsh_03_26_18_1200,1,3/26/2018 12:00,85,146.7308657,113.040426,82.76760413,28.13599347,25.67423416,23.04263222,342.5388959,75.52925482,0.329450822,0.005706644,-3.417617896,4.736628419,0.432470574,0.027137402,0.238078604,0.026722329,mixed
19,centermarsh_03_26_18_1200,2,3/26/2018 12:00,85,163.6884945,126.1755406,88.66564667,25.17340213,23.32961669,20.79799353,378.5296818,68.48173989,0.333077982,0.004787583,-0.003059976,4.895823047,0.435291184,0.020212278,0.231630834,0.020138092,mixed
20,centermarsh_03_27_18_1200,1,3/27/2018 12:00,86,94.45358565,75.36390123,60.98182657,9.585076956,9.175234268,8.816599463,230.7993134,27.29891739,0.326412019,0.003687599,-4.707609762,2.403890859,0.410176563,0.010370808,0.263411418,0.009831711,mixed
21,centermarsh_03_27_18_1200,2,3/27/2018 12:00,86,104.1476992,87.73033152,78.72018803,4.411936959,4.01019677,4.582887072,270.5982187,12.00506685,0.324202949,0.002868442,-7.407224146,2.319329547,0.384977071,0.007357123,0.290819979,0.008079271,mixed
22,centermarsh_03_29_18_1200,1,3/29/2018 12:00,88,132.2591162,104.0423497,75.12639239,22.17407264,19.58805298,16.61850105,311.4278583,57.0803624,0.333777433,0.005145769,0.699190836,4.554110693,0.426335243,0.01809029,0.239887323,0.019492253,mixed
23,centermarsh_03_29_18_1200,2,3/29/2018 12:00,88,108.7402478,86.20273061,65.80816888,11.76620559,10.81365011,10.49992628,260.7511473,31.79726232,0.330475634,0.004148561,-2.142955484,3.157336755,0.418105759,0.017115342,0.251418607,0.017413553,mixed
24,centermarsh_03_30_18_1200,1,3/30/2018 12:00,89,67.05864655,50.21211101,37.47602048,10.42659564,9.014722508,8.054177098,154.746778,26.78116587,0.324147376,0.004852546,-4.110445013,2.055092087,0.435104905,0.020545007,0.240747719,0.020297455,mixed
25,centermarsh_04_03_18_1200,1,4/3/2018 12:00,93,85.51448059,65.75370104,51.90251585,8.127326522,8.158649427,8.336017696,203.1706975,24.16093464,0.323448366,0.004466919,-5.90959436,2.505791126,0.422308813,0.014691148,0.254242821,0.013279193,mixed
26,centermarsh_04_05_18_1200,1,4/5/2018 12:00,95,123.5974308,95.87143297,72.42492253,22.62888008,21.09059783,19.80342702,291.8937863,62.71321811,0.328079621,0.004839527,-4.279487353,3.669449521,0.427002512,0.023124682,0.244917867,0.02317038,mixed
27,centermarsh_04_11_18_1200,1,4/11/2018 12:00,101,92.82191885,74.12064702,59.55309377,11.81388067,11.13076437,10.20137574,226.4956596,32.54031249,0.326953598,0.004697499,-4.133718583,2.884055109,0.411014754,0.013714887,0.262031648,0.014237669,mixed
28,centermarsh_04_12_18_1200,1,4/12/2018 12:00,102,101.1209685,79.47791775,63.14222431,9.574518425,9.805585679,10.16770666,243.7411105,28.7520085,0.325871596,0.00477386,-5.307357277,3.215627868,0.416365393,0.016783293,0.257763011,0.015163202,mixed
29,centermarsh_04_13_18_1200,1,4/13/2018 12:00,103,166.208537,128.1650447,90.09986394,25.51027554,23.37026694,21.28085668,384.4734457,69.01909776,0.333189939,0.004441963,0.021688497,4.717313777,0.434962582,0.021305118,0.231847479,0.022127533,mixed
30,centermarsh_04_18_18_1200,1,4/18/2018 12:00,108,143.8908129,111.8767969,83.9005743,20.17165518,19.16398761,18.57996808,339.6681841,56.86524998,0.329158376,0.004156102,-4.037793497,3.888329419,0.426170597,0.020561074,0.244671027,0.020987059,mixed
31,centermarsh_05_07_18_1200,1,5/7/2018 12:00,127,137.4955094,113.6478462,83.86705566,23.55504438,21.38311791,19.27597802,335.0104113,63.2388406,0.339346557,0.008609855,5.933127395,7.951898582,0.412194046,0.017307221,0.248459397,0.016442889,mixed
32,centermarsh_05_08_18_1200,1,5/8/2018 12:00,128,165.4958662,130.9880897,98.12300363,28.40504542,25.296371,22.42885429,394.6069595,75.37372265,0.331806751,0.004727095,-1.642690478,5.083809905,0.421640497,0.017003226,0.246552751,0.016533738,c3
33,centermarsh_05_10_18_1200,1,5/10/2018 12:00,130,115.7786065,96.39183428,68.24543842,14.76762806,11.74245369,11.94191182,280.4158792,37.60192935,0.344627829,0.013942222,8.759623663,9.182322301,0.413394588,0.013453792,0.241977582,0.012488997,mixed
34,centermarsh_05_16_18_1200,1,5/16/2018 12:00,136,62.01747254,61.95278538,35.72602164,7.840990337,8.636594823,6.69350659,159.6962796,19.7209464,0.388465056,0.035168516,26.16207659,16.22575383,0.389073506,0.024868913,0.222461438,0.020774109,mixed
35,centermarsh_05_17_18_1200,1,5/17/2018 12:00,137,36.07579179,38.91910772,20.19686309,5.448315348,6.004383124,4.803396711,95.1917626,13.66515473,0.410137815,0.043181813,21.56556055,11.49115581,0.379887471,0.031074765,0.209974714,0.027362467,mixed
36,centermarsh_06_13_18_1200,1,6/13/2018 12:00,164,65.13041775,90.41740575,26.82713341,11.59822621,12.5078493,9.903300212,182.3749569,32.88321133,0.499906836,0.029131782,88.87726033,9.688620641,0.357379541,0.008971991,0.142713624,0.032286948,c3
37,centermarsh_06_13_18_1200,2,6/13/2018 12:00,164,80.77726668,103.4513494,38.25549558,15.64298146,13.62281947,16.00730882,222.4841117,44.26229695,0.471429879,0.035663711,87.86993663,11.05087543,0.363631344,0.010395479,0.164938777,0.039718941,mixed
38,centermarsh_06_13_18_1200,3,6/13/2018 12:00,164,75.65977623,99.75934546,30.65408078,13.59128729,13.16024744,12.1320508,206.0732025,38.24360142,0.489102326,0.029672927,93.20483391,5.777293297,0.36768655,0.011054954,0.143211124,0.034104538,c3
39,centermarsh_06_17_18_1200,1,6/17/2018 12:00,168,32.46075326,44.55105597,17.43301654,5.999224798,5.425963772,4.588024276,94.44482577,15.30235929,0.475338665,0.028707315,39.20834213,4.9560515,0.342727574,0.01710179,0.181933761,0.023604905,c3
40,centermarsh_06_17_18_1200,2,6/17/2018 12:00,168,42.45159949,53.69675304,26.26370761,8.76628946,7.350014214,7.057128022,122.4120601,22.69452329,0.442716054,0.026432142,38.67819898,5.024488863,0.345607458,0.011451406,0.211676487,0.021803521,mixed
41,centermarsh_06_19_18_1200,1,6/19/2018 12:00,170,31.78451809,41.93157864,15.88160206,3.687579811,3.762924244,3.456974385,89.59769879,10.42506773,0.469683862,0.019471172,36.19703712,3.451637722,0.354891244,0.010580631,0.175424894,0.020117153,c3
42,centermarsh_06_19_18_1200,2,6/19/2018 12:00,170,35.3594871,43.34961857,19.86307418,7.009799474,5.674555322,6.705968864,98.57217984,18.89263843,0.444942993,0.031829407,31.47667586,5.662344987,0.358452714,0.011562695,0.196604293,0.029798921,mixed
43,centermarsh_06_23_18_1200,1,6/23/2018 12:00,174,63.87716125,82.53499739,29.50270482,14.90836954,14.28666525,14.12232165,175.9148635,41.88248265,0.476857261,0.039326887,71.69012872,11.15233431,0.364379639,0.01993204,0.1587631,0.046651008,mixed
44,centermarsh_06_23_18_1200,2,6/23/2018 12:00,174,72.20322785,96.59367795,28.68282822,13.97911624,12.89808488,11.4096461,197.479734,37.71579026,0.494081471,0.028579021,92.30129983,5.898397297,0.36566261,0.010091435,0.140255919,0.030263025,mixed
45,centerright_03_05_18_1200,1,3/5/2018 12:00,64,107.2094621,80.88421464,61.0957769,42.63362379,41.52335477,39.72318204,249.1894536,123.5314015,0.32151515,0.011983406,-6.536809716,4.607787679,0.453028504,0.057945836,0.225456346,0.051327455,c3
46,centerright_03_06_18_1200,1,3/6/2018 12:00,65,91.91747044,72.14596297,53.36519913,28.63920378,27.84043417,25.3656292,217.4286325,81.53149252,0.330442636,0.008784414,-0.990743622,4.59705258,0.433165786,0.033873295,0.236391578,0.032371941,c3
47,centerright_03_06_18_1200,2,3/6/2018 12:00,65,95.71882127,76.3042852,58.45378706,17.86897487,17.61112399,16.98060396,230.4768935,52.29376228,0.330769198,0.004742076,-1.564037931,2.969051613,0.419216483,0.019359452,0.250014319,0.018549673,c3
48,centerright_03_13_18_1200,1,3/13/2018 12:00,72,152.3888051,123.7053009,93.90480154,29.63227886,28.38738079,26.19631934,369.9989076,83.89630836,0.334094763,0.004473249,1.116995266,4.330205125,0.415430115,0.018382586,0.250475122,0.017944997,c3
49,centerright_03_13_18_1200,2,3/13/2018 12:00,72,135.501853,112.4236794,92.47919652,28.39389437,26.7872315,24.52871018,340.404729,79.3476639,0.329842133,0.004444107,-3.133690764,3.738974103,0.400600287,0.01467822,0.269557579,0.013887791,c3
50,centerright_03_23_18_1200,1,3/23/2018 12:00,82,91.24360408,76.38947715,67.46603091,14.55471151,14.15594062,13.5525173,235.0991121,42.07060473,0.324602228,0.003650308,-5.930680697,2.208408411,0.389401557,0.009977945,0.285996215,0.008860836,c3
51,centerright_04_30_18_1200,1,4/30/2018 12:00,120,95.41681653,72.07010657,51.06469083,33.01765988,32.60500801,31.67577021,218.5516139,97.10640104,0.328504082,0.008737875,-2.341294228,3.389892398,0.455610055,0.051631423,0.215885864,0.048301616,c3
52,centerright_05_11_18_1200,1,5/11/2018 12:00,131,133.0595807,120.5926732,90.49330644,22.7140331,20.37283756,20.58468172,344.1455603,63.14194401,0.351528654,0.012295106,17.63245931,9.73542937,0.387680289,0.01080108,0.260791057,0.013987655,c3
53,centerright_06_08_18_1200,1,6/8/2018 12:00,159,72.58798251,76.90891522,28.96798556,14.38023568,12.25046698,12.31946521,178.4648833,38.04303683,0.435806164,0.028702456,52.26186238,8.333361656,0.408303052,0.021138069,0.155890784,0.034529589,c3
54,centerright_06_08_18_1200,2,6/8/2018 12:00,159,78.54982717,85.66823564,34.84128852,9.419536967,7.532680642,7.317151806,199.0593513,22.63146209,0.432011086,0.021724945,57.94535559,10.01734447,0.394722939,0.017227715,0.173265975,0.018565776,c3
55,centerright_06_08_18_1200,3,6/8/2018 12:00,159,84.16437525,90.3004448,51.64157905,13.74211221,13.75743269,13.53972447,226.1063991,39.71443651,0.401354138,0.021544344,44.7949353,12.09108603,0.37319924,0.012670692,0.225446621,0.024241501,c3
56,centerright_06_12_18_1200,1,6/12/2018 12:00,163,109.6384452,135.7232416,36.43534746,24.6106392,25.60794318,19.1009863,281.7970343,67.56753968,0.488813131,0.035318138,125.3726904,16.56753975,0.390728893,0.012389117,0.120457976,0.044185558,mixed
57,centerright_06_14_18_1200,1,6/14/2018 12:00,165,42.07528237,45.79305832,26.23946871,3.311593494,3.14753849,2.996386426,114.1078094,8.816642754,0.401762893,0.012954286,23.27136555,3.948910791,0.368796841,0.00946644,0.229440266,0.011118823,c3
58,centerright_06_14_18_1200,2,6/14/2018 12:00,165,39.8232579,45.05211992,25.77938894,4.193582919,3.449552374,3.592126559,110.6547668,10.69874471,0.408196422,0.016582358,24.50159301,4.216315283,0.359694547,0.010589838,0.232109031,0.011772504,c3
59,centerright_06_14_18_1200,3,6/14/2018 12:00,165,38.24373988,41.34596465,24.63321591,3.626414866,3.225623613,2.894883464,104.2229204,9.170894894,0.397203644,0.012092469,19.8149735,3.330315622,0.36681846,0.009598617,0.235977895,0.01214714,c3
60,centerright_06_20_18_1200,1,6/20/2018 12:00,171,50.21771276,59.73319794,19.72028305,11.30048905,11.02496529,7.817129943,129.6711938,28.75037574,0.465469441,0.032109502,49.52840008,9.21878046,0.387300572,0.020522872,0.147229987,0.034550093,c3
61,centerright_06_20_18_1200,2,6/20/2018 12:00,171,53.04885217,64.28668172,29.08488436,8.106053805,7.928973143,8.654915691,146.4204182,21.22867541,0.4409681,0.029737135,46.4396269,11.57608374,0.362074439,0.017443439,0.196957461,0.040742128,mixed
62,centerright_06_27_18_1200,1,6/27/2018 12:00,178,56.86864914,65.54217462,36.76907899,6.500757055,6.42519984,5.15283177,159.1799028,17.13307717,0.412354443,0.012714649,37.4466211,5.598231093,0.357219444,0.013506292,0.230426112,0.012636373,mixed
63,centerright_06_27_18_1200,2,6/27/2018 12:00,178,44.54683362,55.03526195,26.92143063,5.086852854,5.772755943,4.449773901,126.5035262,14.6037286,0.435800543,0.014522489,38.60225964,5.254908415,0.352394919,0.011789959,0.211804539,0.015308407,c3
64,centerright_06_27_18_1200,3,6/27/2018 12:00,178,61.77883909,75.8931458,28.77637242,7.687631027,8.302918658,5.513947536,166.4483573,19.97933731,0.456700655,0.014010768,61.23108009,7.27660728,0.371110374,0.011943509,0.172188971,0.021383227,mixed
65,centerright_06_27_18_1200,4,6/27/2018 12:00,178,50.36767179,63.01154579,22.00470799,4.226412208,4.472233854,3.370702749,135.3839256,11.48825709,0.466049954,0.011009789,53.6507118,3.672641826,0.372127883,0.007294113,0.161822163,0.013606696,c3
66,centerright2_06_27_18_1200,1,6/27/2018 12:00,178,106.1483804,122.5675741,61.16540317,21.44124792,20.1270513,16.38480298,289.8813577,55.4297175,0.425474794,0.026190019,77.82136458,20.06974465,0.366085419,0.019813578,0.208439787,0.02061221,c3
67,centerright2_06_27_18_1200,2,6/27/2018 12:00,178,128.9441424,134.2526625,85.56783892,22.92688187,14.00335592,15.50436074,348.7646439,51.47094995,0.387825226,0.021732342,53.99334369,13.9932569,0.368028653,0.016973358,0.244146121,0.011022847,c3
68,centerright2_06_27_18_1200,3,6/27/2018 12:00,178,153.3111004,148.256302,92.74840188,18.53351296,11.7238089,14.52632549,394.3158043,43.71178815,0.37765502,0.018209814,50.45310176,14.72507727,0.388408693,0.010915056,0.233936287,0.01270485,c3
69,co2experiments_05_03_18_1200,1,5/3/2018 12:00,123,142.7370536,113.0265744,87.38076944,34.48440762,33.26520291,31.13711303,343.1443974,98.54229358,0.328580554,0.005879788,-4.064674327,4.345512684,0.422367633,0.026393224,0.249051813,0.02416662,c3
70,co2experiments_06_13_18_1200,1,6/13/2018 12:00,164,80.41485014,89.06660612,34.87120295,20.0372717,17.03012725,16.1747798,204.3526592,52.2015131,0.443223061,0.035626271,62.84715915,10.76723709,0.394507973,0.019831107,0.162268966,0.038351369,c3
71,creek_06_07_18_1200,1,6/7/2018 12:00,158,61.4006036,75.3382477,28.56792322,25.18743425,25.62828833,18.83460455,165.3067745,68.09654525,0.471217129,0.052831211,60.70796858,16.40414621,0.371863244,0.02068045,0.156919627,0.055842394,mixed
72,creek_06_07_18_1200,2,6/7/2018 12:00,158,65.41197589,79.51719496,30.3838686,27.84546631,28.59552301,21.07588919,175.3130394,75.70604425,0.469611352,0.05403489,63.23854542,18.62567913,0.374604101,0.021896614,0.155784547,0.059549048,mixed
73,creek_06_25_18_1200,1,6/25/2018 12:00,176,85.32542882,103.8467234,47.99959683,37.40937394,39.20344815,33.0275803,237.171749,108.4452215,0.457461276,0.056310866,74.36842105,18.56461402,0.363192796,0.01780121,0.179345929,0.064167756,mixed
74,estuary_03_01_18_1200,1,3/1/2018 12:00,60,100.2026732,81.69357507,68.42910077,14.63792811,12.76230851,10.90918004,250.325349,37.41323583,0.326036179,0.00413941,-5.244623834,2.800998859,0.400709301,0.013466992,0.27325452,0.012808167,mixed
75,estuary_03_01_18_1200,2,3/1/2018 12:00,60,105.2987778,84.86570279,66.46571769,13.63457215,11.65279291,8.762111286,256.6301982,33.69539318,0.330439191,0.004007881,-2.033089879,2.96247818,0.410499194,0.007176685,0.259061615,0.007339238,phragmites
76,estuary_03_07_18_1200,1,3/7/2018 12:00,66,75.78873239,59.33235778,50.80656667,11.02744293,9.510022114,8.621866702,185.9276569,28.37767427,0.318764451,0.005457151,-7.930583501,2.677526774,0.408390077,0.015558184,0.272845472,0.01535122,mixed
77,estuary_03_07_18_1200,2,3/7/2018 12:00,66,75.42137445,58.64362621,47.26625017,10.60373883,8.558303427,6.818512784,181.3312508,25.71823508,0.323221214,0.004457228,-5.400372192,2.224207508,0.41611996,0.007993011,0.260658826,0.008101929,phragmites
78,estuary_03_08_18_1200,1,3/8/2018 12:00,67,70.24276131,56.96525429,51.12476349,12.81743757,11.15496286,10.09686604,178.3327791,33.52515876,0.319007803,0.006217332,-7.437016226,2.927674249,0.394470345,0.014335333,0.286521852,0.014178764,mixed
79,estuary_03_08_18_1200,2,3/8/2018 12:00,67,85.1343038,67.84417722,55.81556962,12.40581942,10.82134719,8.633778432,208.7940506,31.68486012,0.324545289,0.004713703,-5.261518987,2.419005794,0.408153943,0.006158983,0.267300768,0.006690818,phragmites
80,estuary_03_12_19_1200,1,3/12/2019 12:00,71,78.52597051,62.0870418,53.57033681,13.95772769,11.16564183,9.303238332,194.1833491,33.79088044,0.319410925,0.005075447,-7.922223725,2.558725974,0.404285344,0.013707937,0.276303731,0.014113832,mixed
81,estuary_03_12_19_1200,2,3/12/2019 12:00,71,90.43620347,71.08875628,57.6409965,12.09701799,9.582166136,7.293054833,219.1659562,28.72922622,0.324187571,0.004279633,-5.899687411,2.6891282,0.412558491,0.006697367,0.263253938,0.006614642,phragmites
82,estuary_03_13_18_1200,1,3/13/2018 12:00,72,137.3938767,109.7826704,85.1481175,29.99427893,25.91660249,23.24322941,332.3246646,78.28230564,0.330301462,0.005213878,-2.976653467,4.630882741,0.415854131,0.018181486,0.253844407,0.019393956,mixed
83,estuary_03_13_18_1200,2,3/13/2018 12:00,72,187.6450314,150.6209535,108.7080045,19.49640048,18.00842918,16.23799009,446.9739894,53.34118484,0.336977632,0.002642546,4.888870994,3.415127275,0.420790554,0.010124909,0.242231813,0.010668459,phragmites
84,estuary_03_14_18_1200,1,3/14/2018 12:00,73,113.2810811,92.48900187,78.71169387,16.78142853,14.94677811,13.1282679,284.4817768,44.02462104,0.324773196,0.004357213,-7.014771207,3.266837739,0.398823631,0.01266756,0.276403173,0.012387008,mixed
85,estuary_03_14_18_1200,2,3/14/2018 12:00,73,160.8202247,132.0544613,104.2070059,22.35663387,19.65259338,15.3399941,397.081692,57.14339621,0.332264823,0.003419901,-0.918307997,3.451168656,0.405343775,0.004966439,0.262391402,0.005349074,phragmites
86,estuary_03_19_18_1200,1,3/19/2018 12:00,78,149.7737149,119.6023842,90.275744,29.00241588,25.0344696,21.86908679,359.6518431,75.04719422,0.332509442,0.00443334,-0.844690565,4.47070548,0.418269412,0.015326524,0.249221146,0.016430628,mixed
87,estuary_03_19_18_1200,2,3/19/2018 12:00,78,153.6439481,122.0996564,86.98186331,26.52139103,24.58229226,19.35671237,362.7254677,70.16460804,0.335978454,0.005288597,3.573501336,5.135461225,0.425759119,0.013442742,0.238262427,0.011755902,phragmites
88,estuary_03_26_18_1200,1,3/26/2018 12:00,85,127.5401694,102.0991073,83.33485924,14.67980285,14.33915212,14.9454832,312.974136,43.43310948,0.32619144,0.004255615,-6.676813916,3.961284169,0.409083448,0.013580888,0.264725112,0.014620421,mixed
89,estuary_03_26_18_1200,2,3/26/2018 12:00,85,154.9601505,121.2645199,84.70683312,21.8957823,21.11959717,19.10523376,360.9315035,61.80856292,0.335783021,0.004209743,2.862056137,4.223571532,0.43200548,0.017337816,0.232211499,0.016939957,phragmites
90,estuary_03_28_18_1200,1,3/28/2018 12:00,87,91.19434756,73.47841251,62.084546,8.98135035,7.848309859,7.617159358,226.7573061,23.67404607,0.323980495,0.003936908,-6.322068551,2.648965748,0.402584302,0.011437395,0.273435204,0.011712039,mixed
91,estuary_03_28_18_1200,2,3/28/2018 12:00,87,100.2058931,77.79571543,58.79673905,8.190256505,7.365719179,7.077357079,236.7983476,22.12181411,0.328515242,0.004027754,-3.411201287,2.844479729,0.42373271,0.010009533,0.247752047,0.009528491,phragmites
92,estuary_03_29_18_1200,1,3/29/2018 12:00,88,129.8466745,103.3528532,81.44226682,21.8154097,20.08225991,18.0628841,314.6417946,59.46751463,0.328115639,0.004597546,-4.583234947,3.748070757,0.414718524,0.014903065,0.257165837,0.014208447,mixed
93,estuary_03_29_18_1200,2,3/29/2018 12:00,88,196.3679402,156.3163265,109.7539155,25.30039771,22.37137774,17.98783795,462.4381822,65.20975166,0.337910075,0.002683817,6.510797342,3.731081664,0.425569418,0.009398618,0.236520507,0.009694081,phragmites
94,estuary_04_02_18_1200,1,4/2/2018 12:00,92,50.4284457,38.5958458,34.14856539,7.496867458,5.85695178,5.018006499,123.1728569,17.95030432,0.313198728,0.008250237,-7.385319486,3.068052545,0.409380014,0.012644127,0.277421258,0.011424134,mixed
95,estuary_04_02_18_1200,2,4/2/2018 12:00,92,56.09643047,42.15796484,32.52717102,10.1145727,8.164726386,6.596063561,130.7815663,24.44813694,0.32185364,0.007236378,-4.307671817,2.411317521,0.429840276,0.015461772,0.248306084,0.015068761,phragmites
96,estuary_04_03_18_1200,1,4/3/2018 12:00,93,106.3052456,93.19905092,84.48973964,8.83376854,7.000692337,5.424380064,283.9940362,20.77185092,0.328136343,0.002693149,-4.396883417,2.188903068,0.374094486,0.006544489,0.297769171,0.007090646,phragmites
97,estuary_04_04_18_1200,1,4/4/2018 12:00,94,79.783422,60.38023713,45.82469316,14.59702793,12.64948135,11.10142597,185.9883523,37.84287987,0.32424626,0.005843779,-4.847640903,2.856076912,0.43118174,0.017429691,0.244572,0.016347478,mixed
98,estuary_04_04_18_1200,2,4/4/2018 12:00,94,82.92083515,63.42714224,47.82949108,13.61265717,12.39364759,11.44208485,194.1774685,37.17741199,0.326444419,0.005401343,-3.896041757,3.133395874,0.429470479,0.015398681,0.244085102,0.014101756,phragmites
99,estuary_04_05_18_1200,1,4/5/2018 12:00,95,69.97722032,60.11466704,60.14324645,10.33673635,9.114278856,9.915232424,190.2351338,28.13364305,0.315857267,0.005692875,-9.891132695,3.314099485,0.368206088,0.017303322,0.315936645,0.018424824,mixed
100,estuary_04_05_18_1200,2,4/5/2018 12:00,95,64.82770294,53.86072539,50.12041451,6.978204343,6.79364417,6.655237576,168.8088428,20.10778966,0.318798942,0.005134126,-7.226666667,2.249918345,0.384702213,0.009935459,0.296498845,0.009472457,phragmites
101,estuary_04_10_18_1200,1,4/10/2018 12:00,100,78.38579848,60.04765647,52.25399944,27.22876219,20.01413633,14.6473835,190.6874544,61.45930703,0.31339982,0.007594019,-10.54448498,3.222995569,0.405525072,0.027616336,0.281075108,0.031009083,mixed
102,estuary_04_10_18_1200,2,4/10/2018 12:00,100,177.0742866,130.6300382,89.00912033,30.98253607,25.84961614,18.81083094,396.7134451,74.95239317,0.328580427,0.005175261,-4.823330391,4.547033755,0.447866857,0.013331458,0.223552715,0.012256132,phragmites
103,estuary_04_11_18_1200,1,4/11/2018 12:00,101,87.03817108,69.33990114,61.76911987,21.05795507,17.26000787,14.16157692,218.1471921,52.06739962,0.316869046,0.006802594,-10.12748867,3.170390102,0.398359792,0.015179392,0.284771162,0.016142499,mixed
104,estuary_04_11_18_1200,2,4/11/2018 12:00,101,171.8663453,130.6426339,92.07363458,22.57500717,20.51246812,18.00869449,394.5826138,60.63487416,0.330895206,0.003739407,-2.654712083,3.899126818,0.437418105,0.014454026,0.231686689,0.01389438,phragmites
105,estuary_04_12_18_1200,1,4/12/2018 12:00,102,108.734801,88.23134519,77.61736849,19.15918832,17.30988284,16.37565265,274.5835147,52.47506654,0.320912423,0.004807983,-9.889479073,3.115731751,0.397355012,0.012005626,0.281732566,0.011832987,mixed
106,estuary_04_12_18_1200,2,4/12/2018 12:00,102,189.1011637,147.9692732,107.7652103,19.93541063,18.15271767,16.21358836,444.8356472,53.93547976,0.332584076,0.002550225,-0.927827685,3.163858794,0.426120865,0.01028132,0.241295058,0.010384555,phragmites
107,estuary_04_17_18_1200,1,4/17/2018 12:00,107,68.95518407,53.92261458,44.58279489,11.72449035,9.938570451,8.767930853,167.4605935,29.91799633,0.321718433,0.006461281,-5.692749812,2.868048722,0.412689534,0.013934268,0.265592033,0.014305985,mixed
108,estuary_04_17_18_1200,2,4/17/2018 12:00,107,77.08231961,60.16863856,47.16897184,11.16752236,9.519798123,7.746296562,184.41993,28.25321155,0.326014907,0.004144327,-3.914014331,1.934925985,0.418522744,0.008057923,0.255462349,0.007443898,phragmites
109,estuary_04_18_18_1200,1,4/18/2018 12:00,108,119.6316112,95.71329385,79.02430059,12.92337681,12.80939345,13.01239391,294.3692056,38.09820455,0.324970386,0.004508932,-7.229324076,3.623236137,0.407771034,0.014343339,0.26725858,0.013912823,mixed
110,estuary_04_18_18_1200,2,4/18/2018 12:00,108,186.6166733,149.0868995,109.3983703,29.08978222,25.49368542,21.85022164,445.1019431,76.0369208,0.334930763,0.003181825,2.158755485,3.423990729,0.420967447,0.013981483,0.24410179,0.013908326,phragmites
111,estuary_04_23_18_1200,1,4/23/2018 12:00,113,86.58413701,70.34112072,60.87412704,12.78188395,11.04612649,9.822670789,217.7993848,33.23670485,0.322748626,0.004517595,-6.776022614,2.606293668,0.397902153,0.009962308,0.279349221,0.010624636,mixed
112,estuary_04_23_18_1200,2,4/23/2018 12:00,113,110.9854497,87.69716343,68.43114345,22.15175305,18.01606097,13.66250998,267.1137566,53.56314637,0.327939954,0.004328684,-4.022266314,2.808011893,0.415568407,0.008464425,0.25649164,0.008830303,phragmites
113,estuary_04_25_18_1200,1,4/25/2018 12:00,115,72.96421788,60.60662463,55.72992479,9.234802612,8.199732329,8.072508376,189.3007673,24.86827821,0.320029016,0.005481699,-7.480893413,2.930148978,0.385851461,0.011823508,0.294119523,0.012995136,mixed
114,estuary_04_25_18_1200,2,4/25/2018 12:00,115,75.92673286,62.19936373,53.23551528,11.74817033,9.394622879,7.400240484,191.3616119,28.23690239,0.324899645,0.005152531,-4.763520679,2.601078795,0.396291958,0.008853607,0.278808397,0.010024265,phragmites
115,estuary_04_26_18_1200,1,4/26/2018 12:00,116,158.0905039,137.9611193,117.5280637,41.10263497,35.92312944,31.41678885,413.5796868,107.9811434,0.333794752,0.005602093,0.303671031,5.540844487,0.382770944,0.010220003,0.283434305,0.011898368,phragmites
116,estuary_04_27_18_1200,1,4/27/2018 12:00,117,76.52798691,64.40930559,58.64306757,13.88790485,12.20846783,10.87515138,199.5803601,36.47693755,0.322331657,0.006272019,-6.352443301,3.344598213,0.383608027,0.012746413,0.294060316,0.011768595,mixed
117,estuary_04_27_18_1200,2,4/27/2018 12:00,117,133.6904177,107.1183456,79.95004095,13.30708147,11.28637516,9.985795872,320.7588043,34.21300887,0.334028715,0.003918304,0.596232596,3.551204411,0.417176427,0.007105007,0.248794858,0.007345356,phragmites
118,estuary_05_02_18_1200,1,5/2/2018 12:00,122,109.2284339,88.83857162,73.84438946,21.27375627,19.33591574,17.30360538,271.9113949,57.31133062,0.325959443,0.00731307,-5.395680086,4.181031524,0.403679638,0.01712911,0.270360919,0.015281734,mixed
119,estuary_05_02_18_1200,2,5/2/2018 12:00,122,178.4399714,144.6807994,108.4376874,37.87102557,30.98064181,25.69799411,431.5584582,94.18003114,0.335575917,0.005398304,2.483940043,5.637444073,0.414478197,0.01051229,0.249945886,0.011280534,phragmites
120,estuary_05_03_18_1200,1,5/3/2018 12:00,123,100.443982,83.22463442,68.96715411,27.94112666,24.50788776,21.81671369,252.6357705,73.88175512,0.328225762,0.013680221,-2.961867267,4.253790313,0.401364313,0.026493045,0.270409926,0.020282047,mixed
121,estuary_05_03_18_1200,2,5/3/2018 12:00,123,150.346073,126.1895662,89.98452131,35.64383324,29.09324075,26.874175,366.5201605,90.8921086,0.346163182,0.011543306,12.04853812,8.51740518,0.412200453,0.017816105,0.241636365,0.021515648,phragmites
122,estuary_05_08_18_1200,1,5/8/2018 12:00,128,111.8979075,97.25752188,78.69344912,17.90963086,16.86158999,17.06823186,287.8488786,51.11583071,0.338262465,0.010479959,3.92368709,8.223227797,0.390362791,0.014096092,0.271374744,0.016580192,mixed
123,estuary_05_08_18_1200,2,5/8/2018 12:00,128,129.6321393,117.7016835,85.99339172,30.92808616,24.63418627,23.06912836,333.3272146,77.63580242,0.35566054,0.01592737,19.77783605,11.35259936,0.389002698,0.017362261,0.255336762,0.017547251,phragmites
124,estuary_05_09_18_1200,1,5/9/2018 12:00,129,100.3741709,92.62495235,80.55921069,28.04451782,23.3778776,19.72709243,273.558334,70.32189742,0.339341277,0.012161012,4.316523087,8.182711139,0.363903561,0.021735032,0.296755161,0.021827305,mixed
125,estuary_05_10_18_1200,1,5/10/2018 12:00,130,58.34709641,49.67931725,37.64270049,8.77629326,7.40065196,6.860509011,145.6691141,22.28099345,0.341554583,0.015070423,3.368837608,5.964940932,0.400981556,0.014703365,0.257463861,0.015364688,mixed
126,estuary_05_10_18_1200,2,5/10/2018 12:00,130,65.33121469,57.48818695,40.70082178,19.33431196,14.04371489,11.83463326,163.5202234,44.82118683,0.354500169,0.017890027,8.944337442,6.768725838,0.397557718,0.017297133,0.247942113,0.011766178,phragmites
127,estuary_05_11_18_1200,1,5/11/2018 12:00,131,70.88467587,66.92562176,54.34119634,20.83119264,19.0456881,14.75554785,192.151494,54.15449888,0.347905442,0.014156896,8.625371309,7.443020541,0.367404543,0.013674205,0.284690015,0.017455115,mixed
128,estuary_05_11_18_1200,2,5/11/2018 12:00,131,95.04224844,89.01913818,62.14311507,28.04043804,23.58169148,18.91494444,246.2045017,69.79021188,0.363384184,0.016869512,20.85291286,10.21125199,0.385800582,0.016398303,0.250815234,0.015819982,phragmites
129,estuary_05_14_18_1200,1,5/14/2018 12:00,134,57.38722442,54.85443754,43.62068966,14.51838174,12.84793661,10.47213431,155.8623516,37.25002174,0.352661664,0.01659389,8.700960995,7.1817244,0.366618655,0.015204028,0.280719681,0.017707677,mixed
130,estuary_05_14_18_1200,2,5/14/2018 12:00,134,79.13213023,74.87131586,48.51890813,24.09512069,18.69898543,15.86040144,202.5223542,57.81391806,0.373893598,0.022123309,22.09159336,9.080415794,0.389597212,0.020244516,0.23650919,0.020085901,phragmites
131,estuary_05_16_18_1200,1,5/16/2018 12:00,136,52.4149004,49.65800797,32.87418327,11.44800012,10.43357677,9.226341385,134.9470916,29.83672047,0.369409929,0.02453425,14.02693227,9.176859481,0.388759788,0.023158444,0.241830283,0.019789757,mixed
132,estuary_05_16_18_1200,2,5/16/2018 12:00,136,47.16619513,50.280607,30.27374829,14.55442828,12.39600569,8.473541803,127.7205504,34.29329222,0.39652407,0.026909865,23.12127058,9.253765865,0.36733471,0.029171871,0.236141219,0.019644756,phragmites
133,estuary_05_18_18_1200,1,5/18/2018 12:00,138,35.22051467,38.24456096,37.38642801,6.362285176,6.141834371,6.023180389,110.8515036,17.84821981,0.345236496,0.0155059,3.882179232,4.887023168,0.316849455,0.014068542,0.337914048,0.018648365,mixed
134,estuary_05_18_18_1200,2,5/18/2018 12:00,138,22.94928255,28.11458388,20.19279937,5.653406508,7.101664949,4.353967656,71.2566658,16.48435319,0.392824357,0.024923251,13.08708583,6.405159836,0.321736365,0.018106906,0.285439278,0.023731924,phragmites
135,estuary_05_21_18_1200,1,5/21/2018 12:00,141,75.67934873,75.23442432,44.89441768,20.0079412,19.17196863,17.6499917,195.8081907,55.25543945,0.389613209,0.036774701,29.89508224,15.67713013,0.389133756,0.017230698,0.221253035,0.04130563,mixed
136,estuary_05_21_18_1200,2,5/21/2018 12:00,141,99.81275182,103.4316109,62.34982682,31.32574347,27.51354638,25.32370622,265.5941896,83.13554487,0.397089712,0.033360636,44.70064325,13.83132218,0.37722508,0.021093288,0.225685208,0.037246785,phragmites
137,estuary_05_22_18_1200,1,5/22/2018 12:00,142,85.37742624,91.93720885,71.60170807,21.0647085,18.46528486,18.67527079,248.9163432,57.53165293,0.372932031,0.021641887,26.89528339,10.48914346,0.341396669,0.012224453,0.285671301,0.015866882,mixed
138,estuary_05_22_18_1200,2,5/22/2018 12:00,142,80.6972751,94.62553191,58.5441085,26.04276905,23.93364901,22.14162583,233.8669155,71.26696323,0.412462584,0.033717924,50.00968023,11.23956507,0.344167401,0.020732979,0.243370015,0.030751391,phragmites
139,estuary_05_23_18_1200,1,5/23/2018 12:00,143,56.99807659,57.62083262,40.62728672,12.07439876,9.856238281,10.61978045,155.2461959,31.79504782,0.374377792,0.024520626,17.61630193,8.909740804,0.366811137,0.012787455,0.258811071,0.020113323,mixed
140,estuary_05_23_18_1200,2,5/23/2018 12:00,143,39.91362282,46.24580655,31.52782568,8.748385204,8.852955203,6.965621477,117.6872551,24.04148407,0.394122835,0.017457472,21.0501646,5.927675672,0.338666668,0.015909905,0.267210497,0.013717469,phragmites
141,estuary_05_24_18_1200,1,5/24/2018 12:00,144,61.45365891,63.59487451,42.95857272,21.39157546,20.56595828,15.61848893,168.0071061,56.37696818,0.381577879,0.028636095,22.77751739,12.70487874,0.362636823,0.022232602,0.255785298,0.034461031,mixed
142,estuary_05_24_18_1200,2,5/24/2018 12:00,144,79.35308703,83.47562608,49.90647161,25.07002296,23.44788638,20.59192212,212.7351847,68.05010942,0.398960032,0.032329404,37.69169353,12.48514344,0.374639673,0.022205888,0.226400294,0.036322847,phragmites
143,estuary_05_25_18_1200,1,5/25/2018 12:00,145,86.4677314,89.15724138,58.66635209,24.5771609,23.38225884,20.74950785,234.2913249,67.42939879,0.385292214,0.029418078,33.18039927,15.57814884,0.369550117,0.012465048,0.24515767,0.029868594,mixed
144,estuary_05_25_18_1200,2,5/25/2018 12:00,145,117.2718152,122.9274741,86.54519804,33.00773322,29.51742879,27.56513778,326.7444874,89.42950356,0.380699067,0.021313381,42.037935,10.90230652,0.358768277,0.013128431,0.260532656,0.021034221,phragmites
145,estuary_05_28_18_1200,1,5/28/2018 12:00,148,58.72792651,60.73868766,40.45863517,12.2216026,10.83657804,10.44513476,159.9252493,32.60667593,0.382536513,0.02595169,22.29081365,9.684998524,0.367059928,0.011725062,0.250403558,0.021236939,mixed
146,estuary_05_28_18_1200,2,5/28/2018 12:00,148,51.31146141,57.70865041,37.58316509,15.49382742,13.58725739,10.59935788,146.6032769,39.10977232,0.396695602,0.02102333,26.52267433,8.17381686,0.347731281,0.017536295,0.255573117,0.012367776,phragmites
147,estuary_06_01_18_1200,1,6/1/2018 12:00,152,79.88713514,87.63135135,55.03920721,24.92614036,24.72935725,19.15263206,222.5576937,67.82206418,0.397960663,0.026460474,40.33636036,14.11966508,0.357660663,0.012928228,0.244378675,0.025596517,mixed
148,estuary_06_01_18_1200,2,6/1/2018 12:00,152,89.07734538,101.3918694,63.54777623,26.16746767,25.20119844,22.45715992,254.016991,72.95501511,0.40465519,0.026874557,50.1586171,11.85075326,0.350950908,0.018095093,0.244393902,0.027183494,phragmites
149,estuary_06_04_18_1200,1,6/4/2018 12:00,155,91.56012548,97.96626002,56.58780063,25.7596364,24.53020616,21.49365278,246.1141861,70.66034587,0.403881772,0.031165741,47.78459394,15.51146598,0.373061117,0.012661758,0.22305711,0.032029612,mixed
150,estuary_06_04_18_1200,2,6/4/2018 12:00,155,75.68021386,88.52455881,52.32987047,20.59417787,20.9623747,17.98384362,216.5346431,58.94917592,0.413721804,0.024885302,49.0390333,9.708485026,0.350029065,0.013513249,0.236249131,0.025417681,phragmites
151,estuary_06_05_18_1200,1,6/5/2018 12:00,156,51.32869842,64.80270149,44.25261956,17.03658416,19.64088236,13.29832124,160.3840195,49.15627287,0.40426989,0.01950272,34.02408502,12.748498,0.317453122,0.014851199,0.278276987,0.025659677,mixed
152,estuary_06_06_18_1200,1,6/6/2018 12:00,157,44.26440226,50.32045732,28.15617716,10.43003094,10.10333949,8.426421556,122.7410367,28.50361223,0.414265499,0.026629541,28.22033522,6.174379419,0.360455275,0.011477681,0.225279225,0.024648457,mixed
153,estuary_06_07_18_1200,1,6/7/2018 12:00,158,98.42891637,101.1659472,55.40074632,19.96767418,19.18540798,17.19038398,254.9956099,54.992964,0.400106746,0.027128383,48.50223165,15.16172797,0.387446872,0.013548319,0.212446382,0.029407763,mixed
154,estuary_06_07_18_1200,2,6/7/2018 12:00,158,71.35638588,80.72500819,42.74467388,20.24390035,19.8852995,14.5057647,194.826068,53.85591806,0.418398614,0.023990919,47.34895663,11.09719177,0.3661043,0.013549847,0.215497085,0.023552912,phragmites
155,estuary_06_11_18_1200,1,6/11/2018 12:00,162,56.8764969,62.84634252,41.8928726,11.91727904,11.71245661,9.405025603,161.615712,32.33353465,0.390337297,0.018433292,26.92331554,8.142495302,0.351283236,0.010792133,0.258379467,0.016855864,mixed
156,estuary_06_11_18_1200,2,6/11/2018 12:00,162,45.48091252,53.95023987,34.52434419,11.9987694,13.46462401,8.32989636,133.9554966,33.34919481,0.402786364,0.016969898,27.89522303,8.919643574,0.338708521,0.012116482,0.258505115,0.015282073,phragmites
157,estuary_06_12_18_1200,1,6/12/2018 12:00,163,110.3146711,117.1419585,68.64933249,26.6485682,24.2178915,23.60382637,296.1059621,73.29982407,0.400775849,0.028429032,55.31991333,16.28187495,0.373563814,0.011559091,0.225660338,0.030648069,mixed
158,estuary_06_12_18_1200,2,6/12/2018 12:00,163,65.69788126,79.09682551,46.70446164,29.46772496,31.80345947,20.77412572,191.4991684,80.91500219,0.417228154,0.03112746,45.79130812,18.73347254,0.337708504,0.023071191,0.245063342,0.035886763,phragmites
159,estuary_06_13_18_1200,1,6/13/2018 12:00,164,97.18286047,105.0022347,60.99509328,20.16816744,21.49219597,17.46963622,263.1801885,57.45783872,0.40096583,0.027276049,51.82651574,18.41695032,0.370617006,0.013614397,0.228417164,0.025400374,mixed
160,estuary_06_13_18_1200,2,6/13/2018 12:00,164,84.27866724,95.8093466,64.74746863,28.8904365,32.12814995,25.28184748,244.8354825,85.62972157,0.393313791,0.021425885,42.59255733,15.37355456,0.345885291,0.015440022,0.260800919,0.021250971,phragmites
161,estuary_06_14_18_1200,1,6/14/2018 12:00,165,74.66820938,82.33641877,56.25127673,30.52521968,31.2836073,16.61284838,213.2559049,76.93095854,0.382806471,0.025003266,33.75335142,20.52349479,0.342225152,0.029267691,0.274968377,0.04806366,mixed
162,estuary_06_14_18_1200,2,6/14/2018 12:00,165,92.626564,100.6487573,60.96976731,26.55889848,26.55493309,20.22270113,254.2450886,72.21269651,0.398371642,0.021021997,47.70118326,14.68143749,0.364354016,0.016097462,0.237274342,0.021780727,phragmites
163,estuary_06_17_18_1200,1,6/17/2018 12:00,168,20.18591345,31.84712709,26.73366105,4.462936572,5.94751247,5.257066334,78.76670159,15.17760639,0.405172796,0.021171529,16.77467967,4.923103113,0.254908814,0.01541057,0.33991839,0.019172748,mixed
164,estuary_06_17_18_1200,2,6/17/2018 12:00,168,14.76272642,25.90740162,22.49227046,4.171182145,5.873754332,4.676504996,63.1623985,14.41487863,0.410596888,0.019220161,14.55980637,4.389807935,0.231270227,0.020345727,0.358132885,0.016935542,phragmites
165,estuary_06_18_18_1200,1,6/18/2018 12:00,169,117.7196241,128.8234936,75.66716418,22.35305136,22.55125233,20.57268825,322.2102819,64.19780681,0.402458175,0.02241084,64.260199,16.18657841,0.366222431,0.010640354,0.231319394,0.022796965,mixed
166,estuary_06_18_18_1200,2,6/18/2018 12:00,169,86.31124438,101.5985757,64.38478261,29.78403626,32.17649591,24.72354668,252.2946027,86.04323974,0.406727345,0.022689902,52.50112444,14.95669583,0.341766732,0.012108777,0.251505923,0.021645564,phragmites
167,estuary_06_20_18_1200,1,6/20/2018 12:00,171,79.50764704,109.2467664,52.18475371,34.88211799,40.91632338,26.1849188,240.9391672,98.01066112,0.463837721,0.058305315,86.80113212,35.74065092,0.324047654,0.026331646,0.212114625,0.057886029,mixed
168,estuary_06_22_18_1200,1,6/22/2018 12:00,173,54.15129785,63.83335017,38.75133825,11.07875096,11.88445648,8.55458879,156.7359863,30.85442173,0.4085654,0.017045722,34.76406424,8.177518171,0.344992543,0.012409533,0.246442058,0.015526202,mixed
169,estuary_06_22_18_1200,2,6/22/2018 12:00,173,36.33760427,48.803036,29.85229578,9.913270663,11.24681932,8.006846108,114.992936,28.64623136,0.427098738,0.021408673,31.41617194,7.267374535,0.314227745,0.014056703,0.258673517,0.020164893,phragmites
170,estuary_06_23_18_1200,1,6/23/2018 12:00,174,25.10423497,32.27185792,21.92336066,7.865079215,10.11223397,6.100179357,79.29945355,23.49545251,0.405497169,0.031861992,17.51612022,8.464323575,0.314495149,0.017498228,0.280007682,0.03299673,mixed
171,estuary_06_23_18_1200,2,6/23/2018 12:00,174,20.56787231,27.85473715,18.74784009,5.054677475,6.548833049,4.398696694,67.17044955,15.61619334,0.414935291,0.019478957,16.3937619,5.199507861,0.305538564,0.015803125,0.279526145,0.019292232,phragmites
172,estuary_06_25_18_1200,1,6/25/2018 12:00,176,78.77757009,88.63576324,47.38604361,20.72767434,22.51655489,15.46331442,214.7993769,57.41989682,0.415423547,0.027773397,51.10791277,16.62053179,0.367328501,0.012028256,0.217247952,0.027495333,mixed
173,estuary_06_25_18_1200,2,6/25/2018 12:00,176,68.88691778,84.51186715,50.67861482,20.35056911,21.23421999,17.5044208,204.0773998,58.51190722,0.419215219,0.025343076,49.4582017,10.23223265,0.336985383,0.012314309,0.243799397,0.022995918,phragmites
174,estuary_06_27_18_1200,1,6/27/2018 12:00,178,69.9749549,78.05813792,49.00631331,12.36688494,13.51967989,9.303848982,197.0394061,34.3909307,0.396587217,0.016224858,37.13500763,10.39761538,0.355049652,0.008802711,0.248363131,0.013402553,mixed
175,estuary_06_27_18_1200,2,6/27/2018 12:00,178,57.20514919,67.01731084,43.60310966,15.15221358,16.34412401,11.67956014,167.8255697,42.77852109,0.400454721,0.014303785,33.22636284,8.661471528,0.340370452,0.011596883,0.259174827,0.012440977,phragmites
176,estuary_06_29_18_1200,1,6/29/2018 12:00,180,66.60366745,75.11247047,44.99946563,34.21478186,37.91051763,20.6319721,186.7156036,90.86616778,0.396051725,0.042203836,38.62180785,27.48409824,0.347297566,0.034860437,0.256650709,0.064976223,mixed
177,estuary_06_29_18_1200,2,6/29/2018 12:00,180,88.75160286,98.32405202,60.38322037,17.43445651,17.58163575,15.94605637,247.4588753,50.2940775,0.399686754,0.016813566,47.51328082,8.664376247,0.359476051,0.012537814,0.240837196,0.019859199,phragmites
178,estuary2_05_10_18_1200,1,5/10/2018 12:00,130,107.0664165,94.82518764,71.46456624,14.38319714,12.31166526,12.93765512,273.3561704,38.75077473,0.347665668,0.011809034,11.11939256,8.574065032,0.39230355,0.011879613,0.260030782,0.01423501,mixed
179,estuary2_05_10_18_1200,2,5/10/2018 12:00,130,100.225886,92.96523105,64.65006729,25.48806117,19.9712963,16.6011226,257.8411844,61.35616496,0.362811633,0.014660818,21.05450875,8.425671706,0.387611216,0.016188778,0.249577151,0.012247114,phragmites
180,estuary2_06_05_18_1200,1,6/5/2018 12:00,156,79.17045543,87.98867251,45.61827915,26.59044698,27.05955387,18.80275928,212.7774071,71.2761307,0.419926361,0.033651396,51.18861044,17.21021146,0.371827729,0.011829572,0.20824591,0.033101674,mixed
181,estuary2_06_05_18_1200,2,6/5/2018 12:00,156,78.82404372,90.66010929,47.59508197,14.66996765,14.02190327,13.35810666,217.079235,41.06441559,0.420776862,0.022994057,54.9010929,9.144699661,0.363616455,0.016004724,0.215606683,0.02349702,phragmites
182,estuary2_06_20_18_1200,1,6/20/2018 12:00,171,116.3347344,127.6595338,71.95643867,23.53012205,22.81953097,21.23546059,315.9507069,65.96257427,0.407497908,0.02364592,67.02789454,15.07654162,0.368854461,0.010232678,0.22364763,0.026860091,mixed
183,estuary2_06_20_18_1200,2,6/20/2018 12:00,171,52.23298896,66.48854055,36.95935756,35.39680172,39.14126331,25.82940786,155.6808871,99.21230858,0.44544848,0.068338806,43.78473459,23.24476492,0.322721063,0.036789789,0.231830457,0.059761621,phragmites
184,left_06_20_18_1200,1,6/20/2018 12:00,171,89.56506616,103.6699055,56.81024575,10.33277182,11.33773913,8.996238566,250.0452174,29.28734358,0.415324905,0.01543621,60.96449905,10.99856432,0.358366349,0.00848627,0.226308746,0.015246851,iva
185,left_06_20_18_1200,2,6/20/2018 12:00,171,49.17897247,68.7527394,20.49118556,12.87443748,15.27405921,10.34329102,138.4228974,37.36261853,0.504531842,0.038901854,67.83532077,12.37357403,0.356498215,0.0175515,0.138969943,0.043366386,c3
186,nitrogenexperiments_06_04_18_1200,1,6/4/2018 12:00,155,97.75644772,104.6803153,68.02782032,26.30203583,24.45974398,25.71977854,270.4645834,74.63092768,0.392892996,0.036104267,43.57636259,21.49405273,0.362306223,0.013220799,0.24480078,0.034503665,iva
187,nitrogenexperiments_06_04_18_1200,2,6/4/2018 12:00,155,97.70865922,100.8468575,69.5825419,24.03202341,21.92745557,22.69786068,268.1380587,66.90873122,0.380923647,0.032438823,34.40251397,19.72841001,0.364988519,0.0114528,0.254087834,0.031449269,iva
188,nitrogenexperiments_06_05_18_1200,1,6/5/2018 12:00,156,77.90908592,87.99879184,57.33205195,27.14192029,28.36344731,24.860699,223.2399297,78.83615242,0.398817793,0.030698245,40.75644581,16.57538581,0.34991944,0.017166139,0.251262768,0.035987806,iva
189,nitrogenexperiments_06_05_18_1200,2,6/5/2018 12:00,156,71.20604494,83.14033524,49.34753923,21.09865333,21.76067515,17.24135996,203.6939194,57.76677803,0.411211391,0.027588795,45.72708631,15.87216995,0.348672575,0.016873526,0.240116034,0.035747129,iva
190,nitrogenexperiments_06_12_18_1200,1,6/12/2018 12:00,163,92.04792889,107.9900999,52.30261867,32.78108025,33.41659709,23.31605097,252.3406475,87.36518617,0.435824734,0.036215331,71.62965225,21.58092632,0.363135169,0.017666804,0.201040097,0.037587113,iva
191,nitrogenexperiments_06_25_18_1200,1,6/25/2018 12:00,176,99.10561141,110.3036474,55.2597206,21.59443487,24.09370621,18.86530042,264.6689794,61.99504647,0.419179385,0.02860002,66.24196282,21.07110347,0.376098917,0.012779942,0.204721699,0.034746827,iva
192,nitrogenexperiments_06_27_18_1200,1,6/27/2018 12:00,178,155.3421628,165.3224071,106.0389955,22.55987729,22.716921,16.78373927,426.7035654,58.85156271,0.387967507,0.018219763,69.2636558,23.6914358,0.363693951,0.01040858,0.248338542,0.016226436,iva
193,rightmarsh_03_19_18_1200,1,3/19/2018 12:00,78,80.00192259,61.06110507,45.73647914,9.097787372,8.722003222,8.425679762,186.7995068,26.07157837,0.326739379,0.003661173,-3.616191591,1.978130033,0.430021562,0.014180403,0.243239059,0.013359683,c3
194,rightmarsh_03_19_18_1200,2,3/19/2018 12:00,78,88.53347449,69.0594878,54.63409962,6.27119286,5.569918252,5.555545578,212.2270619,16.55850213,0.325365418,0.004581823,-5.048598508,2.850278491,0.417502222,0.010343782,0.257132359,0.011459155,c3
195,rightmarsh_03_28_18_1200,1,3/28/2018 12:00,87,104.9784722,82.79167051,61.62758565,12.96379529,12.42293652,11.10897527,249.3977283,36.15304292,0.331734807,0.005037064,-1.022716779,3.576638226,0.422463555,0.013323986,0.245801637,0.012112976,c3
196,rightmarsh_04_02_18_1200,1,4/2/2018 12:00,92,100.6565601,79.70352811,62.29643513,11.40758964,10.77128395,10.05476743,242.6565233,31.9495529,0.328313514,0.004317499,-3.545938993,2.942445177,0.416004523,0.011210048,0.255681964,0.010756039,c3
197,rightmarsh_04_02_18_1200,2,4/2/2018 12:00,92,102.3510112,80.04764045,64.5905618,5.981034249,5.646553163,5.6645247,246.9892135,16.61950908,0.324042852,0.003665369,-6.846292135,2.656858303,0.414725142,0.009333762,0.261232006,0.008363804,c3
198,rightmarsh_04_17_18_1200,1,4/17/2018 12:00,107,92.39729596,74.3231254,58.69322652,11.17658018,10.73415218,10.15242975,225.4136479,31.86771612,0.329567815,0.004125061,-2.444271681,2.601090923,0.411298662,0.011626012,0.259133523,0.011045409,c3
199,rightmarsh_04_20_18_1200,1,4/20/2018 12:00,110,157.1133002,122.1384673,88.94010543,26.86648577,25.95739063,24.59070673,368.1918729,77.07582115,0.331496722,0.004216875,-1.776471077,4.12127749,0.430830378,0.02231546,0.2376729,0.021810712,c3
200,rightmarsh_04_24_18_1200,1,4/24/2018 12:00,114,80.86428272,65.32862132,50.40603436,14.39021738,13.10936013,11.65384772,196.5989384,38.88690359,0.332064097,0.004046763,-0.613074452,2.103944424,0.413378046,0.014245188,0.254557857,0.013808918,c3
201,rightmarsh_04_26_18_1200,1,4/26/2018 12:00,116,102.8509159,85.8618226,72.01691115,23.79786371,23.4384445,21.40200666,260.7296496,68.50434965,0.328483822,0.005156545,-3.144181804,3.403042841,0.397555174,0.013296281,0.273961004,0.01160221,c3
202,rightmarsh_04_26_18_1200,2,4/26/2018 12:00,116,118.2715661,99.18406198,82.74253459,21.16363021,20.73732552,19.34447043,300.1981627,61.05572112,0.32999918,0.004731321,-2.645976757,3.711770665,0.39601697,0.01156331,0.273983849,0.010761467,c3
203,rightmarsh_04_27_18_1200,1,4/27/2018 12:00,117,58.74811591,41.97841327,33.41444178,5.718002887,5.788023295,5.594606353,134.140971,16.9088325,0.312496353,0.006663073,-8.205731144,2.216919583,0.439667744,0.015189384,0.247835903,0.012166306,c3
204,rightmarsh_05_02_18_1200,1,5/2/2018 12:00,122,180.7815675,147.1000303,117.403147,25.61176156,25.72441038,25.17562587,445.2847447,76.29876068,0.330137955,0.003107855,-3.984653958,3.749956351,0.408182557,0.013706391,0.261679488,0.01299813,c3
205,rightmarsh_05_04_18_1200,1,5/4/2018 12:00,124,100.9291589,85.67127249,66.73277558,12.48412087,12.55192833,11.4446436,253.3332069,36.11306547,0.338024443,0.00760416,3.680610528,5.714089987,0.399698053,0.011333887,0.262277504,0.010742081,c3
206,rightmarsh_05_18_18_1200,1,5/18/2018 12:00,138,64.29955268,80.26410098,39.25371484,5.473595165,5.936358304,4.647220133,183.8173685,13.97284946,0.437183203,0.020075719,56.97493444,10.38645078,0.349898486,0.015601764,0.212918311,0.010872355,c3
207,rightmarsh_05_21_18_1200,1,5/21/2018 12:00,141,80.11920988,86.81020058,48.74517952,52.29617722,48.56880927,26.54874279,215.67459,126.2799209,0.411368455,0.029064213,44.75601175,26.29913811,0.339813649,0.062482606,0.248817896,0.053921553,c3
208,rightmarsh_05_22_18_1200,1,5/22/2018 12:00,142,53.75193746,64.50103107,30.54022508,5.042105657,6.335940711,5.234700607,148.7931936,15.80213103,0.434065326,0.015820684,44.70989959,6.856873289,0.361945446,0.013271783,0.203989228,0.014502402,c3
209,rightmarsh_05_28_18_1200,1,5/28/2018 12:00,148,42.7408271,54.35265404,25.58898842,8.791401054,10.46294444,6.070587945,122.6824696,24.65011705,0.444103705,0.016904226,40.37549256,8.698615776,0.348204364,0.011008686,0.207691932,0.01873644,c3
210,rightmarsh_06_01_18_1200,1,6/1/2018 12:00,152,70.62327502,87.77457811,35.71116272,12.39556885,13.23240165,10.99242657,194.1090158,34.58350073,0.455372099,0.034236084,69.21471848,16.12699328,0.364444396,0.0195867,0.180183505,0.02686589,c3
211,rightmarsh_06_04_18_1200,1,6/4/2018 12:00,155,76.37085873,98.28469531,48.10675481,19.98447183,21.51590682,16.33170659,222.7623088,56.4726992,0.446107231,0.02782062,72.09177709,14.11409028,0.342347632,0.010173301,0.211545137,0.029963678,c3
212,rightmarsh_06_06_18_1200,1,6/6/2018 12:00,157,47.35440921,61.90099393,34.61868343,11.45501217,10.49556391,10.46763279,143.8740866,31.84398532,0.434983957,0.025807909,41.82889522,5.608962993,0.328175438,0.018194354,0.236840606,0.021270161,c3
213,rightmarsh_06_11_18_1200,1,6/11/2018 12:00,162,38.72724696,50.65521897,23.85357193,9.317301625,10.11568308,7.267472143,113.2360379,26.13776353,0.451363082,0.025882086,38.72961905,7.166397428,0.341338112,0.010899243,0.207298806,0.023420016,c3
214,rightmarsh_06_12_18_1200,1,6/12/2018 12:00,163,35.36471043,51.19400431,13.39896759,8.050344429,7.844845578,5.618791112,99.95768233,20.7350529,0.518041271,0.034300142,53.62433059,5.409014062,0.35275025,0.015036407,0.129208479,0.033122622,c3
215,rightmarsh_06_12_18_1200,2,6/12/2018 12:00,163,48.17179303,65.20954634,20.2585125,5.931979885,6.055641811,5.118767997,133.6398519,16.37291161,0.489620866,0.017156661,61.98878716,4.381613494,0.360554635,0.009918323,0.149824498,0.020878745,c3
216,rightmarsh_06_18_18_1200,1,6/18/2018 12:00,169,59.06601577,67.40291305,34.45345124,10.30132334,11.5019214,7.609326637,160.9223801,27.68707548,0.419359546,0.019666827,41.28635909,11.06602603,0.367075022,0.011889363,0.213565432,0.024426868,c3
217,rightmarsh_06_22_18_1200,1,6/22/2018 12:00,173,41.14097743,50.87426289,23.14049275,9.783143606,10.50571203,6.435633537,115.1557331,25.54832764,0.444142917,0.022776516,37.4670556,8.818428823,0.356186336,0.016339512,0.199670747,0.025673488,c3
218,rightmarsh_06_23_18_1200,1,6/23/2018 12:00,174,95.12509653,111.9410319,44.36989197,27.07073712,26.26678149,20.15889019,251.4360204,71.98540072,0.453323638,0.035671669,84.38707539,14.39778627,0.378811038,0.019262064,0.167865324,0.039607549,c3
219,rightmarshalternate_05_23_18_1200,1,5/23/2018 12:00,143,118.4727508,90.76630334,57.29576944,22.04866464,19.94640534,19.09921519,266.5348236,60.62141355,0.341308966,0.007934161,5.764086459,5.171303115,0.449525422,0.027130428,0.209165611,0.029150799,c3
220,towardsbuilding_04_25_18_1200,1,4/25/2018 12:00,115,118.6562074,89.33131619,63.86531817,11.28784988,10.99252623,10.36644775,271.8528417,32.38082126,0.328450988,0.003611807,-3.858893185,2.718944379,0.437861944,0.013126723,0.233687068,0.012281419,c3
221,towardsbuilding_05_10_18_1200,1,5/10/2018 12:00,130,90.94840533,74.82104786,58.73563938,10.33433634,9.261849446,9.073987328,224.5050926,28.20704122,0.333427467,0.007122391,-0.041948988,4.440895429,0.405899558,0.011312628,0.260672975,0.010900211,mixed
222,towardsbuilding_05_10_18_1200,2,5/10/2018 12:00,130,90.64795846,74.43752675,58.97885696,8.291080197,7.265375467,6.918483574,224.0643422,22.06124448,0.33230262,0.005573314,-0.75176192,3.558546329,0.404914967,0.008262569,0.262782412,0.007971308,mixed
223,towardsbuilding_05_10_18_1200,3,5/10/2018 12:00,130,87.28217321,71.90277216,57.35461352,6.534600495,6.46396282,6.448372791,216.5395589,18.97756796,0.332022224,0.005385533,-0.831242412,3.427078372,0.403641566,0.009787589,0.26433621,0.009459676,mixed
224,towardsbuilding_05_24_18_1200,1,5/24/2018 12:00,144,89.40544998,95.03220708,52.9316986,22.23187483,19.60046226,18.81026063,237.3693557,59.04284525,0.404636881,0.026985231,47.72726559,14.24182578,0.37699405,0.01590631,0.218369069,0.029562812,c3
225,towardsbuilding_05_25_18_1200,1,5/25/2018 12:00,145,78.02885281,82.76751372,53.57245755,20.57586627,21.53261008,18.38294705,214.3688241,58.35351261,0.388961214,0.032786127,33.93371707,18.43339384,0.364995362,0.013750744,0.246043424,0.035958685,iva
226,towardsbuilding_06_05_18_1200,1,6/5/2018 12:00,156,83.49300716,97.11457683,51.77752679,23.07841123,21.80718692,17.37204672,232.3851108,60.84243379,0.423377112,0.030751901,58.9586197,15.51454159,0.358155848,0.014241153,0.21846704,0.026887122,mixed
227,co2experiments_06_27_18_1200,1,6/27/2018 12:00,178,73.36039042,79.90559088,38.24327545,33.10163334,27.4365484,25.5139246,191.5092568,84.11230865,0.433767116,0.051976625,48.2075159,16.14071237,0.383594804,0.042084359,0.18263808,0.054674979,c3
