"","Filename","ROI","Date","DOY","Red_Avg","Green_Avg","Blue_Avg","Red_SD","Green_SD","Blue_SD","Brightness_Avg","Brightness_SD","Green_Index","Green_Index_SD","Greenness_Excess_index","Greenness_Excess_index_SD","Red_index","Red_Index_SD","Blue_Index","Blue_Index_SD","Major_Plants","Minor_Plants"
"1","estuary_03_01_18_1200",1,2018-03-01 12:00:00,60,101.24889170361,82.2505805362044,68.624727323904,15.2954774539728,13.4280805976501,11.711430839248,252.124199563718,39.6354657714854,0.325941496552459,0.00415231462272821,-5.3724579551052,2.8668748054545,0.402159127625256,0.0131255449143661,0.271899375822285,0.0124622364565934,"iva","spartina"
"2","estuary_03_01_18_1200",2,2018-03-01 12:00:00,60,108.688931433028,87.7739488052188,68.5711550733886,13.7863747464003,11.7974783572017,9.0313450044032,265.034035311636,34.2630435387041,0.330962947189865,0.00390294664874267,-1.71218889597958,2.94133505444051,0.410324108972578,0.00723000607916347,0.258712943837557,0.00719123669810386,"phragmites","N/A"
"3","estuary_03_07_18_1200",1,2018-03-07 12:00:00,66,74.1116653018685,57.9514628154545,49.7832948708405,12.1835173798467,10.5081520360859,9.38514061992169,181.846422988163,31.4122407536461,0.318200670069407,0.00561157856574445,-7.99203454180004,2.56482580785821,0.408465836529083,0.0155875163998023,0.27333349340151,0.015222125580896,"iva","spartina"
"4","estuary_03_07_18_1200",2,2018-03-07 12:00:00,66,80.3870967741936,62.5839160839161,50.3634107827656,10.0835174788235,7.98082916215236,6.2743903374694,193.334423640875,24.0632402234467,0.323582979676433,0.00402227207704065,-5.582675389127,2.18289248955496,0.415816833755314,0.00744257039249545,0.260600186568253,0.00734197398839484,"phragmites","N/A"
"5","estuary_03_08_18_1200",1,2018-03-08 12:00:00,67,71.9820659971306,58.3359397417504,52.2836441893831,11.2963317378884,10.0158200216402,8.82488797333767,182.601649928264,29.5251427228591,0.318970501947245,0.00603661199393253,-7.59383070301291,2.76963371179563,0.394706140770393,0.0139483513334302,0.286323357282362,0.0135059209464088,"iva","spartina"
"6","estuary_03_08_18_1200",2,2018-03-08 12:00:00,67,92.108565834557,74.1014194811552,60.7554576603035,12.190827364529,10.9196781278055,8.89935200719564,226.965442976016,31.8534631935709,0.326139876345326,0.00427961376396817,-4.66118453255017,2.42785786227454,0.406337092513945,0.00585315654358793,0.267523031140729,0.00584999485300864,"phragmites","N/A"
"7","estuary_03_13_18_1200",1,2018-03-13 12:00:00,72,151.38125,121.618481182796,95.3350806451613,22.344404415424,20.8578976197535,20.4978713991849,368.334811827957,62.8589334273603,0.330155345897168,0.00433739046083058,-3.47936827956989,4.50508943000604,0.413110880162968,0.0165793459040823,0.256733773939864,0.0181084239099364,"iva","spartina"
"8","estuary_03_13_18_1200",2,2018-03-13 12:00:00,72,189.537858669603,152.318608718181,111.192434743183,18.057560837712,16.6154305677629,15.3971462529063,453.048902130967,49.4616804853565,0.336227921101279,0.00297780752773258,3.90692402357666,3.92036985094856,0.419197254164736,0.0101230021543378,0.244574824733985,0.0110176331283779,"phragmites","N/A"
"9","estuary_03_14_18_1200",1,2018-03-14 12:00:00,73,120.343482064742,98.2530183727034,82.8149606299213,12.6091472025853,12.0047758996835,11.1463496091754,301.411461067367,34.811849939265,0.325740901425684,0.00421998790177823,-6.65240594925634,3.4938292769641,0.39994524083545,0.0120508550698085,0.274313857738866,0.011984146663615,"iva","spartina"
"10","estuary_03_14_18_1200",2,2018-03-14 12:00:00,73,169.515699000175,139.844062445185,110.567619715839,11.9508191375972,10.9996201809527,9.5424369115256,419.9273811612,32.1990735831664,0.332972234232094,0.00245895421808366,-0.395193825644624,3.06515871518379,0.403898333885016,0.00418273715871182,0.26312943188289,0.0049148800507269,"phragmites","N/A"
"11","estuary_03_19_18_1200",1,2018-03-19 12:00:00,78,163.745404791409,131.700743494424,100.42807724081,22.3464550161875,20.7384426245947,19.6119053062452,395.874225526642,61.7860925089146,0.332620713155887,0.00380835998850406,-0.771995043370508,4.41734548016225,0.415217424024005,0.0143919506977618,0.252161862820108,0.0155248958590811,"iva","spartina"
"12","estuary_03_19_18_1200",2,2018-03-19 12:00:00,78,167.740772048464,134.685967878276,95.756269371654,17.0139439227772,16.0628653598229,14.2141690557806,398.183009298394,47.0176431482323,0.338205567619062,0.00301246054153728,5.8748943364328,3.59011893232705,0.422223019917757,0.00941868249713439,0.239571412463181,0.00959844008252485,"phragmites","N/A"
"13","estuary_03_26_18_1200",1,2018-03-26 12:00:00,85,129.335993280134,103.359512809744,83.2855942881142,14.8149822726107,14.4515454821057,14.9206274774569,315.981100377992,43.7158613481481,0.327082216560374,0.00403805960299942,-5.90256194876102,3.78827217062116,0.410877465303032,0.0132847364692892,0.262040318136595,0.0145264724116863,"iva","spartina"
"14","estuary_03_26_18_1200",2,2018-03-26 12:00:00,85,157.697727608086,124.012468643943,86.1289656190055,19.9758442444989,19.3098148875731,17.9487628572502,367.839161871034,56.962050775715,0.337095167256017,0.00354887865218524,4.19824406079386,3.73502882996984,0.430872015181878,0.015323279877837,0.232032817562105,0.0155539784767019,"phragmites","N/A"
"15","estuary_03_28_18_1200",1,2018-03-28 12:00:00,87,89.9002108222066,72.2470635478366,60.9527155908041,10.5452401259042,9.16692027729918,8.58845265343227,223.099989960847,27.5258885261952,0.323699951040536,0.0042586308522805,-6.35879931733762,2.67814393634072,0.403455916079323,0.0125464134896649,0.272844132880141,0.012860843421346,"iva","spartina"
"16","estuary_03_28_18_1200",2,2018-03-28 12:00:00,87,100.449824067558,77.6695285010556,58.4795918367347,8.92950915546255,7.66262037371632,7.1328375982505,236.598944405348,23.2187112003245,0.328281274138992,0.00415174502002962,-3.59035890218156,2.9427224942327,0.425048642029806,0.00968506000812776,0.246670083831202,0.00916790766835607,"phragmites","N/A"
"17","estuary_03_29_18_1200",1,2018-03-29 12:00:00,88,138.109910537934,110.599512025096,88.084001394214,17.0359083538493,16.5285565390064,15.3930843152144,336.793423957244,48.4780386461532,0.328132268567843,0.00448441827388274,-4.99488788195655,4.05421335803291,0.411535622594552,0.0128222492225736,0.260332108837605,0.01259121734973,"iva","spartina"
"18","estuary_03_29_18_1200",2,2018-03-29 12:00:00,88,207.945127304653,166.285776997366,117.200614574188,14.5785037222593,14.0243713229183,12.7491413634588,491.431518876207,41.0714512542147,0.338353381228013,0.00212477232109086,7.42581211589113,3.20226226978423,0.423679822021954,0.00725059413580527,0.237966796750033,0.00758450169836251,"phragmites","N/A"
"19","estuary_04_03_18_1200",1,2018-04-03 12:00:00,93,107.455342215918,94.452961142915,85.6120370839455,10.2000542998206,8.58331957535533,7.24216334959449,287.520340442778,25.4997815325571,0.328460756956905,0.00287203973089012,-4.16145701403313,2.35425762271522,0.373565122240917,0.00689477939946338,0.297974120802178,0.00730297974716174,"iva","spartina"
"20","estuary_04_04_18_1200",1,2018-04-04 12:00:00,94,82.0795092603515,62.1960206047737,47.1707758247808,13.0322103639835,11.4901688855256,10.3357655912646,191.446305689906,34.3180369695007,0.324569675305773,0.00544493708076423,-4.85824387558492,2.83410753499524,0.430622914005423,0.0165947289591343,0.244807410688804,0.0158801585749239,"iva","spartina"
"21","estuary_04_04_18_1200",2,2018-04-04 12:00:00,94,89.4708146247595,68.5355997434253,51.7126363053239,12.8635183375877,10.7924096792313,9.79190612634504,209.719050673509,33.1578957249348,0.326856304628429,0.00568284017916456,-4.11225144323284,3.80049283992718,0.427923132531594,0.0117075813422939,0.245220562839977,0.0114939777705343,"phragmites","N/A"
"22","estuary_04_05_18_1200",1,2018-04-05 12:00:00,95,68.300414144632,57.8356164383562,56.443851545078,10.9335811590296,9.29700521887164,9.09988562489897,182.579882128066,28.433788996344,0.316563105902441,0.00611392713167824,-9.07303281299777,3.29956647177643,0.374128491763233,0.0154554903817632,0.309308402334326,0.0168445906861517,"iva","spartina"
"23","estuary_04_05_18_1200",2,2018-04-05 12:00:00,95,67.3176382660688,56.3340127734747,52.6458757983422,7.01680701574515,6.95050886629277,7.03474861134344,176.297526837886,20.7666936133878,0.319337494463314,0.00454570957376967,-7.29548851746161,2.12726056471612,0.382565135231501,0.00934960347531313,0.298097370305185,0.00864492083536273,"phragmites","N/A"
"24","estuary_04_10_18_1200",1,2018-04-10 12:00:00,100,97.0332284703107,73.2555053086905,61.0447306331105,15.3077201828247,12.5734532114873,10.6878220245542,231.333464412112,38.1761140077263,0.316308312014579,0.0048597393290347,-11.5669484860401,2.93701133796786,0.420106346248237,0.0110561510931032,0.263585341737184,0.00987020813322143,"iva","spartina"
"25","estuary_04_10_18_1200",2,2018-04-10 12:00:00,100,186.543596161869,138.539146154916,94.0859407592824,23.8599474174903,20.5133245829653,15.3488905363517,419.168683076067,59.2496150435887,0.330137597448837,0.00395699386380335,-3.55124461131971,3.94106207596511,0.44608647036257,0.0102712803597394,0.223775932188592,0.0093024154306419,"phragmites","N/A"
"26","estuary_04_11_18_1200",1,2018-04-11 12:00:00,101,93.8561498200851,74.4112692181878,65.5931468760222,15.5599184772613,13.9239035524067,12.3709165713087,233.860565914295,41.4964667984915,0.317582224817188,0.00577239479346624,-10.6267582597318,3.15446414493226,0.402338973873116,0.0114038998729958,0.280078801309697,0.00997757631447983,"iva","spartina"
"27","estuary_04_11_18_1200",2,2018-04-11 12:00:00,101,175.898305084746,134.214783036782,94.4871650608341,19.6342971123018,18.0430005837863,16.440916282414,404.600253182362,53.7251173003967,0.331644342338211,0.00326712339716649,-1.95590407201632,3.64568154684431,0.436234414492015,0.0129978307630247,0.232121243169774,0.0127940782440929,"phragmites","N/A"
"28","estuary_04_12_18_1200",1,2018-04-12 12:00:00,102,109.923530838251,88.9302400776008,77.6930725082855,15.9210706269676,14.7695769735057,14.4915597109078,276.546843424137,44.8384737824866,0.321355253134561,0.00417539116293711,-9.75612319133457,3.13951043339226,0.398824957155373,0.0116390914685715,0.279819789710066,0.0113258704539898,"iva","spartina"
"29","estuary_04_12_18_1200",2,2018-04-12 12:00:00,102,194.616254664179,153.195079291045,112.622667910448,17.6594942430768,16.4578536990262,15.0258124004162,460.434001865672,48.7513912727312,0.332666941670031,0.00243062792891979,-0.848763992537313,3.1331733352134,0.423505522793338,0.00948943214722539,0.243827535536631,0.00954266043782398,"phragmites","N/A"
"30","estuary_04_17_18_1200",1,2018-04-17 12:00:00,107,70.4542336548767,55.0270096463023,45.3384780278671,11.5971510561046,9.8945303263375,8.71586786150625,170.819721329046,29.6897055980322,0.32183988494913,0.00623191801037674,-5.73869239013934,2.80741005440726,0.41336967834068,0.0134962011585759,0.264790436710191,0.0137906309695503,"iva","spartina"
"31","estuary_04_17_18_1200",2,2018-04-17 12:00:00,107,81.4481024975673,63.7351605578981,50.0296788842037,9.42553427227324,8.42843560299753,7.21145759489824,195.212941939669,24.9251642525041,0.326291457904322,0.0037631584467411,-4.0074602659747,1.84999755935768,0.417908762829256,0.00726895670248454,0.255799779266422,0.00692682741015225,"phragmites","N/A"
"32","estuary_04_18_18_1200",1,2018-04-18 12:00:00,108,118.959172169431,95.5269769689161,79.1559027218554,14.5168859427088,14.2145273409427,14.1708422679497,293.642051860203,42.2979189827501,0.325079595255831,0.00463009937610204,-7.06112095345466,3.53753910370333,0.406709962312658,0.0150289392497759,0.268210442431512,0.0140980711377252,"iva","spartina"
"33","estuary_04_18_18_1200",2,2018-04-18 12:00:00,108,187.835367190354,149.830836682499,110.120131530873,27.5043963989677,24.0988709736982,20.0794288442897,447.786335403727,71.2068098323132,0.334481410040285,0.00275110037806761,1.70617464377055,3.29267041689879,0.420585489154452,0.0105059965041682,0.244933100805264,0.0107413886285281,"phragmites","N/A"
"34","estuary_04_23_18_1200",1,2018-04-23 12:00:00,113,80.6500248385494,66.308345752608,58.3452061599603,17.6104781192627,14.4341481223921,12.179585390435,205.303576751118,43.8226738076642,0.322648409019671,0.00550219188233409,-6.37853949329359,2.84800973917664,0.392353810399156,0.0124877387244835,0.284997780581173,0.0130779839349381,"iva","spartina"
"35","estuary_04_23_18_1200",2,2018-04-23 12:00:00,113,116.02462596413,91.9037264194777,71.477093206951,17.8477099478576,14.7405891488269,11.3043507574699,279.405445590558,43.5889553651191,0.328684582229127,0.00371020057428409,-3.69426633212527,2.73335000541624,0.415420634067482,0.00753111061849561,0.255894783703391,0.00798311893012166,"phragmites","N/A"
"36","estuary_04_25_18_1200",1,2018-04-25 12:00:00,115,74.4091407678245,61.7797074954296,56.354478976234,8.89589301351112,8.03917353305763,8.26903492104577,192.543327239488,24.5883458252895,0.320796220324225,0.00528047683742793,-7.20420475319927,2.93961854933446,0.387027492324128,0.011916546707499,0.292176287351647,0.0128860753505109,"iva","spartina"
"37","estuary_04_25_18_1200",2,2018-04-25 12:00:00,115,80.5186032326929,65.7189691979262,55.9487648673376,8.04885598837575,6.88418163058309,5.53556561290579,202.186337297957,20.1011332592827,0.324871857450793,0.00434488464722973,-5.0294297041781,2.36192021109712,0.398256458671285,0.00648633521223862,0.276871683877922,0.00828383931346176,"phragmites","N/A"
"38","estuary_05_02_18_1200",1,2018-05-02 12:00:00,122,112.028398005636,91.089023773394,75.4934605101525,18.1022729230947,16.8671177738451,15.7445259281759,278.610882289183,50.09273060316,0.326564701962572,0.00604974172820641,-5.34381096900065,4.23066790282526,0.403880774300732,0.0158150219447641,0.269554523736695,0.014195828651508,"iva","spartina"
"39","estuary_05_02_18_1200",2,2018-05-02 12:00:00,122,175.731705298013,142.808940397351,106.398841059603,37.3884226943944,30.3664200455493,25.3762944407618,424.939486754967,92.7254924609909,0.336530892632641,0.0062295268369743,3.48733443708609,6.46867071483991,0.414392196666182,0.00995772550582208,0.249076910701177,0.0111622271202296,"phragmites","N/A"
"40","estuary_05_08_18_1200",1,2018-05-08 12:00:00,128,115.579326012874,100.868534645967,82.556152972359,16.1020727279953,15.5636544035557,17.7600588950258,299.0040136312,48.6367913469767,0.338000292773746,0.0106647346638777,3.60159030670201,8.52743388383077,0.388370221393534,0.0151295318925996,0.27362948583272,0.0187736282965977,"iva","spartina"
"41","estuary_05_08_18_1200",2,2018-05-08 12:00:00,128,132.735453559812,119.446228509474,87.7105168052042,31.2080883456985,24.2448466730551,22.6552355958459,339.89219887449,77.0369308108734,0.353938497816654,0.0162189345203008,18.4464866539315,11.9630238511937,0.390343903768257,0.0176051791257192,0.255717598415089,0.0168138629235104,"phragmites","N/A"
"42","estuary_05_09_18_1200",1,2018-05-09 12:00:00,129,113.19369856726,102.502295006721,87.5052621225534,20.4674392920737,17.8701008823161,16.8168036601438,303.201255696535,54.4810973376293,0.338621232326888,0.010089974822128,4.30562932362873,7.84639029573116,0.373344944038927,0.0115960071430939,0.288033823634185,0.0118040478141181,"iva","spartina"
"43","estuary_05_11_18_1200",1,2018-05-11 12:00:00,131,82.7254240974337,77.2374945628534,61.3932144410613,13.4969986225002,12.1677030488509,11.0620285650518,221.356133101348,36.1307706795182,0.349375551396866,0.0111219326055964,10.3563505872118,6.81315331463427,0.373940806752309,0.0105821649994406,0.276683641850826,0.0107215455265326,"iva","spartina"
"44","estuary_05_11_18_1200",2,2018-05-11 12:00:00,131,104.589628967367,97.1315750260766,68.0370287587543,29.8024487766507,22.9251033475925,19.3183337217803,269.758232752198,71.4230752544855,0.363096695037744,0.0162935901588567,21.6364923260319,9.03551448574501,0.386152020832478,0.0161233133514151,0.250751284129778,0.0132403672925849,"phragmites","N/A"
"45","estuary_05_14_18_1200",1,2018-05-14 12:00:00,134,59.1102154090128,56.377428307123,44.9955068058676,14.2933002238492,12.6251093962342,10.3199131574352,160.483150522003,36.5795451113953,0.351920589524799,0.0163917451597087,8.64913439936567,7.41956539706567,0.36680314234446,0.0155066173377728,0.281276268130741,0.0191770280656767,"iva","spartina"
"46","estuary_05_14_18_1200",2,2018-05-14 12:00:00,134,79.9862295361528,75.5300989085948,48.8621248294679,25.0673605851947,19.1504836851448,16.3728775620879,204.378453274216,59.7860255744421,0.374231500468641,0.022370168792517,22.2118434515689,8.93451471442226,0.389981489093335,0.0206770946993574,0.235787010438024,0.0204911255499739,"phragmites","N/A"
"47","estuary_05_16_18_1200",1,2018-05-16 12:00:00,136,52.071531051445,49.4733893557423,33.071462731434,11.3173860395794,10.5101588213495,9.11104571400337,134.616383138621,29.7211383346208,0.368635525614346,0.0237472050897074,13.8037849286056,8.78005699378344,0.387314511904712,0.0229388311185118,0.244049962480942,0.0203423899049764,"iva","spartina"
"48","estuary_05_16_18_1200",2,2018-05-16 12:00:00,136,48.7231005795844,50.8512794227812,30.7626463746402,16.2225477812968,12.4737640069789,8.93012137132646,130.337026377006,36.4526233683514,0.394463823947527,0.0291273780247822,22.2168118913378,9.77832680376379,0.370354810224977,0.0313191146153167,0.235181365827495,0.0192177130198885,"phragmites","N/A"
"49","estuary_05_18_18_1200",1,2018-05-18 12:00:00,138,36.5651929034075,39.3445508307519,38.2459870459026,6.30061218928991,6.10090102589518,6.3816988721167,114.155730780062,18.1796899912558,0.345067698506279,0.0149534712139026,3.87792171219375,4.86262970605071,0.319727969021421,0.0122483216631045,0.3352043324723,0.0166093749611289,"iva","spartina"
"50","estuary_05_18_18_1200",2,2018-05-18 12:00:00,138,25.3344633702662,29.5792128328097,21.6731437076236,7.44433509999493,7.49902001070451,4.68539696596515,76.5868199106995,18.8048478980509,0.385675323378461,0.0264739231384775,12.1508185877295,6.42943001665826,0.327911075865095,0.0235830321307771,0.286413600756444,0.0289045710948352,"phragmites","N/A"
"51","estuary_05_21_18_1200",1,2018-05-21 12:00:00,141,69.5129762245775,69.3339444285305,42.1474076195932,25.0537828846885,23.967670011786,19.2905327695119,180.994328272701,66.7159510900921,0.38840042809923,0.0513878293179456,27.0075050128903,16.4436111167573,0.383287025281936,0.0353214563503488,0.228312546618833,0.0623069503983384,"iva","spartina"
"52","estuary_05_21_18_1200",2,2018-05-21 12:00:00,141,101.252876697388,103.319463380051,62.2798712984676,32.3743715790976,27.5493415267986,25.7276115633538,266.852211375907,84.4689057916495,0.394746105226745,0.0329964469865996,43.1061787642471,15.1557797127447,0.380944028127951,0.0234789717867109,0.224309866645303,0.0371849203203286,"phragmites","N/A"
"53","estuary_05_22_18_1200",1,2018-05-22 12:00:00,142,81.6328278849941,88.4369830641985,68.1320401732966,22.067681164157,19.4391238006497,19.0100544391949,238.201851122489,59.8283234107945,0.375417678008273,0.0239718665376422,27.1090980701063,10.9589589300696,0.340586206748521,0.0133830953518936,0.283996115243206,0.016801767817074,"iva","spartina"
"54","estuary_05_22_18_1200",2,2018-05-22 12:00:00,142,86.7175595969526,97.6665437863521,62.2635782747604,32.1943760242772,26.79325747949,25.4419754517477,246.647681658065,83.4107171730085,0.405531729517239,0.0365925558567541,46.3519497009912,14.5109804336075,0.349561309023986,0.0246684092829432,0.244906961458775,0.0309803989189305,"phragmites","N/A"
"55","estuary_05_23_18_1200",1,2018-05-23 12:00:00,143,57.245201339541,57.7378502001144,40.8504451523319,12.0327064516703,9.79898487454468,10.5968896884866,155.833496691987,31.6876914318332,0.37362906518407,0.0239314592733736,17.3800539083558,8.78946967355168,0.367044644324053,0.0125526126616548,0.259326290491877,0.0200200415906874,"iva","spartina"
"56","estuary_05_23_18_1200",2,2018-05-23 12:00:00,143,39.7615658362989,45.628311585607,31.3393963358376,9.27478170161917,9.55488287740209,7.18552913519281,116.729273757744,25.4642368185081,0.391698962162625,0.0181897669161252,20.1556609990774,6.46653928213409,0.340164804194734,0.0167341812355821,0.268136233642641,0.0141518919965794,"phragmites","N/A"
"57","estuary_05_24_18_1200",1,2018-05-24 12:00:00,144,66.2249596715061,67.7449772693943,46.2337586156328,18.7274399464097,18.3012463675824,14.8557947594873,180.203695556533,50.6538129403783,0.378499933987565,0.0259661853449571,23.0312362516498,12.2904782212194,0.366937761450345,0.0155241951580178,0.25456230456209,0.0290702599462874,"iva","spartina"
"58","estuary_05_24_18_1200",2,2018-05-24 12:00:00,144,82.6200569440051,85.35348782031,51.9363334387852,26.709921744693,23.5140215440417,21.1005099938577,219.9098782031,70.1717854422747,0.395022712885035,0.0331091758928864,36.1505852578298,13.6528758565235,0.37658124558333,0.0220842648721352,0.228396041531634,0.0348933362480073,"phragmites","N/A"
"59","estuary_05_28_18_1200",1,2018-05-28 12:00:00,148,59.249977540203,61.1545234031084,41.3969993711257,12.6613247694155,11.8854467467056,11.2203676288407,161.801500314437,34.8406035150087,0.380362485491848,0.0257356729669761,21.6620698948882,9.78637265743453,0.366535594090111,0.0126980154408509,0.253101920418041,0.0221887892865376,"iva","spartina"
"60","estuary_05_28_18_1200",2,2018-05-28 12:00:00,148,47.9264608781776,55.5088312974579,35.5396995708155,11.8873286516155,12.0622886584867,8.57946710701774,138.974991746451,31.9918420039863,0.400674511011145,0.0179097626725707,27.5515021459227,7.75767356801391,0.344068422815601,0.0152875630014014,0.255257066173253,0.0126360729121868,"phragmites","N/A"
"61","estuary_06_01_18_1200",1,2018-06-01 12:00:00,152,84.8125556544969,92.4135500148412,58.5716829919858,22.0602724978136,21.4379689969389,17.7268823127224,235.797788661324,60.1570992015818,0.395758528229482,0.0253248078158832,41.4428613831998,13.3471001993034,0.358956790662009,0.0115899251983482,0.24528468110851,0.0237807799489141,"iva","spartina"
"62","estuary_06_01_18_1200",2,2018-06-01 12:00:00,152,93.3692152610196,104.542230503711,66.451476922137,28.6708813462066,25.3898596672481,23.2040751741746,264.362922686868,76.3446408631614,0.40170232927576,0.0276569561513485,49.2637688242661,12.2001866835599,0.352319150914121,0.0177133338877207,0.245978519810119,0.0255774939494545,"phragmites","N/A"
"63","estuary_06_11_18_1200",1,2018-06-11 12:00:00,162,57.4482847396537,63.618652249469,42.7937825835103,11.7406718916256,11.975971250617,9.12454335368815,163.860719572633,32.0179920506568,0.389209481783309,0.0189146902784093,26.995237175774,8.93424041966368,0.349983534045113,0.0109030110109026,0.260806984171577,0.0181793056723035,"iva","spartina"
"64","estuary_06_11_18_1200",2,2018-06-11 12:00:00,162,46.6207451701932,55.3093376264949,35.4945722171113,12.0636947581198,13.0288803400592,8.19398409726592,137.424655013799,32.8120306698948,0.402886759147605,0.0165067057738161,28.5033578656854,8.38700833287649,0.338067303315765,0.012538126659115,0.25904593753663,0.0151243292307335,"phragmites","N/A"
"65","estuary_06_13_18_1200",1,2018-06-13 12:00:00,164,99.7920822942643,108.547826861418,63.3159066619166,20.2160852203339,21.3673270348899,18.2802851366661,271.655815817599,58.4322832109139,0.402049671794349,0.0254088120746974,53.9876647666548,16.7661925947239,0.368642737703848,0.012786665982386,0.229307590501802,0.0251838324071556,"iva","spartina"
"66","estuary_06_13_18_1200",2,2018-06-13 12:00:00,164,90.8607648425945,103.290583843933,69.7791393760124,29.8257957265789,31.0736043377259,25.4005680301291,263.93048806254,85.6802015791752,0.394785402465042,0.0192996583174885,45.9412634692584,12.6594270833628,0.344355366207062,0.0129889574777443,0.260859231327896,0.0195568168443634,"phragmites","N/A"
"67","estuary_06_14_18_1200",1,2018-06-14 12:00:00,165,76.2046586683505,84.1162562267593,57.0136111695783,29.9239634342324,30.5883971390061,17.1153434589309,217.334526064688,76.1763085699931,0.384663403171467,0.0237821862416099,35.0142426155897,19.5032689185406,0.343404510856102,0.0280298368926818,0.271932085972432,0.0447516788639545,"iva","spartina"
"68","estuary_06_14_18_1200",2,2018-06-14 12:00:00,165,99.0390473314061,104.849203952194,65.1738361306468,29.791610007605,28.1420821003329,22.0694554826708,269.062087414247,78.834312290265,0.392800285168869,0.0229277026378417,45.4855244423351,15.3788895266398,0.367736992307828,0.0179853535148381,0.239462722523303,0.0207534771075322,"phragmites","N/A"
"69","estuary_06_18_18_1200",1,2018-06-18 12:00:00,169,117.95939768755,129.213498252218,76.6516984852559,24.0419616423474,25.0989570156197,22.521030970037,323.824594425025,70.427720997108,0.401686932063281,0.0226667036257632,63.8159003316304,16.6117716596759,0.365518441698324,0.011307248415594,0.232794626238395,0.02374524163485,"iva","spartina"
"70","estuary_06_18_18_1200",2,2018-06-18 12:00:00,169,88.5885416666667,103.684628739316,66.3890224358974,31.1029853724977,32.8404139450544,25.7227435598598,258.66219284188,89.0290268110951,0.405390089145191,0.0229519940338194,52.3916933760684,14.520489988044,0.341788306270944,0.0120133331938631,0.252821604583865,0.0216134712699163,"phragmites","N/A"
"71","estuary_06_27_18_1200",1,2018-06-27 12:00:00,178,73.7614308768155,82.8444055944056,51.884346422808,11.5665780466115,12.4493188277159,9.55310719226543,208.490182894029,32.8595826683146,0.398066504779939,0.0137868114170127,40.0430338891877,8.71139507560059,0.353898186867001,0.00793913525248654,0.24803530835306,0.0128557537876137,"iva","spartina"
"72","estuary_06_27_18_1200",2,2018-06-27 12:00:00,178,55.7066729704174,65.4712954207754,42.5751722274753,14.0911661897445,15.5505066600063,10.8275039520285,163.753140618668,40.011417425715,0.400534731560219,0.0154557868803373,32.660745643658,9.1585712632004,0.339878732572882,0.0125088528601538,0.2595865358669,0.0127212705990759,"phragmites","N/A"
"73","estuary_06_29_18_1200",1,2018-06-29 12:00:00,180,70.7590741987263,79.7710868327034,47.0914668875887,32.3054787880939,35.4793687074286,20.2293745517978,197.621627919018,86.1823578897927,0.40109318640832,0.0358824894179831,41.6916325790918,25.200500347244,0.352323727434332,0.0269543279436789,0.246583086157348,0.051372095797017,"iva","spartina"
"74","estuary_06_29_18_1200",2,2018-06-29 12:00:00,180,92.1278497988377,101.354343614961,63.4146922962301,19.3066025974491,18.738674158611,17.4264599648365,256.896885710028,54.8194443797366,0.397289481074554,0.017708016720091,47.1661451348532,8.86966185191455,0.359287075433834,0.0126445112625855,0.243423443491612,0.0199938313543765,"phragmites","N/A"
"75","estuary_07_02_18_1200",1,2018-07-02 12:00:00,183,64.1880637275563,70.4577257017618,39.4863862429402,22.2715673829388,23.0416675002848,13.5270062508222,174.132175672258,57.9374752003132,0.405952119657391,0.0203341049664625,37.2410014330271,13.7629017869151,0.365390284373976,0.0186612139910693,0.228657595968633,0.0298783159339188,"iva","spartina"
"76","estuary_07_02_18_1200",2,2018-07-02 12:00:00,183,71.4860461821788,79.3688057798555,48.4917127071823,22.2272688015051,21.1642703705428,19.660449452644,199.346564669217,62.3804867006591,0.404966292624986,0.0284078033024418,38.7598526703499,8.68704760170452,0.359282732730505,0.0167151635781518,0.235750974644509,0.0321046426571989,"phragmites","N/A"
"77","estuary_07_03_18_1200",1,2018-07-03 12:00:00,184,106.097100149477,120.074618834081,69.0869955156951,27.1832592012708,29.4554630744916,22.3872155607779,295.258714499253,77.734120506589,0.409448347011141,0.0232998310081688,64.9651420029895,18.2130858429124,0.36006811622555,0.0114350316097887,0.23048353676331,0.0247698693909913,"iva","spartina"
"78","estuary_07_03_18_1200",2,2018-07-03 12:00:00,184,113.302291599843,130.554617056916,90.4028297515949,29.8254467340646,30.1970770631961,28.3400427524953,334.259738408354,87.9312800360865,0.39456068477218,0.0185418463361109,57.4041127623935,9.28333819278068,0.339233305886535,0.00935972228245191,0.266206009341285,0.02011649164532,"phragmites","N/A"
"79","estuary_07_05_18_1200",1,2018-07-05 12:00:00,186,75.1427254393546,85.0199366176894,49.9015845577643,20.4765224628792,22.213168722534,15.4015214618974,210.064246614808,57.0663767822531,0.406273116281045,0.0189172784738897,44.9955632382599,13.4736342024779,0.357253881345254,0.0119416781039993,0.2364730023737,0.0237679838904596,"iva","spartina"
"80","estuary_07_05_18_1200",2,2018-07-05 12:00:00,186,78.1268709654536,88.2663687309357,58.906859615521,19.5369236003901,20.0679878453857,18.1843340176597,225.30009931191,57.056570169195,0.394907109395766,0.0216182345167914,39.4990068808966,10.2310284380633,0.34757210258358,0.0161189699803675,0.257520788020654,0.0211205534793908,"phragmites","N/A"
"81","estuary_07_06_18_1200",1,2018-07-06 12:00:00,187,56.0484397974187,64.603251102761,39.4722267603333,9.88940673605132,11.2241861003549,7.00273066989617,160.123917660513,27.277479033483,0.403353298479603,0.0135025446515734,33.68583564777,8.4213043209034,0.349705435146398,0.0110392583078219,0.246941266373999,0.0172010646545117,"iva","spartina"
"82","estuary_07_06_18_1200",2,2018-07-06 12:00:00,187,41.9517508143323,50.0370114006515,32.6948697068404,10.2016115671257,11.2790532804074,7.93013631128193,124.683631921824,29.0420559233937,0.402173466793037,0.0156922206913022,25.4274022801303,6.78093268051308,0.335970608171342,0.0116362647542185,0.261855925035621,0.0139234096603273,"phragmites","N/A"
"83","estuary_07_09_18_1200",1,2018-07-09 12:00:00,190,68.2928145087236,76.0695592286501,44.7095385674931,36.1023388505537,36.8798957629448,17.6130566774202,189.071912304867,89.1649388623453,0.396725102058925,0.0327860069190659,39.1367653810836,23.7792719203966,0.342273471859625,0.0532766422941361,0.261001426081451,0.0785604702139964,"iva","spartina"
"84","estuary_07_09_18_1200",2,2018-07-09 12:00:00,190,91.5831676109714,97.4883118832314,60.3770965442197,22.2665267660007,21.7390796454929,19.7229936759005,249.448576038423,62.7038975821062,0.394175910194607,0.0227879175325061,43.0163596112716,12.0598240915262,0.368407821352151,0.0181039230219777,0.237416268453241,0.0244635635207357,"phragmites","N/A"
"85","estuary_07_10_18_1200",1,2018-07-10 12:00:00,191,68.2085809701704,76.8183053149941,41.9257938529462,24.9711124612549,27.3125536936951,17.300442658671,186.952680138111,67.8689936322079,0.41312212201217,0.0310848877743207,43.5022358068716,19.1157027248509,0.363331888793874,0.0208463608709692,0.223545989193956,0.0392805588136777,"iva","spartina"
"86","estuary_07_10_18_1200",2,2018-07-10 12:00:00,191,86.5057497700092,97.8044311560871,62.5285955228458,21.9442578773764,21.5673837898573,20.1911214955377,246.838776448942,63.1851979195459,0.400680666061669,0.0220450529917366,46.5745170193192,8.36474242591894,0.350890945730956,0.010856910508411,0.248428388207376,0.0237003146564984,"phragmites","N/A"
"87","estuary_07_16_18_1200",1,2018-07-16 12:00:00,197,67.6258258258258,76.0787644787645,42.445474045474,17.6163791303098,19.6855181203448,11.3180349342215,186.150064350064,47.6570435437947,0.40893782693389,0.0195967197607882,42.0862290862291,14.4251568498632,0.362750878017269,0.0109070055817028,0.228311295048841,0.0207411435958037,"iva","spartina"
"88","estuary_07_16_18_1200",2,2018-07-16 12:00:00,197,58.41217620169,67.5483792769082,45.1504363485247,19.5339077192096,21.1668820911287,17.3163031601514,171.110991827123,57.753650066226,0.398080873973036,0.0168624613436841,31.5341460036016,8.12848624010113,0.342228327666884,0.013001033183021,0.25969079836008,0.0171085351515742,"phragmites","N/A"
"89","estuary_07_17_18_1200",1,2018-07-17 12:00:00,198,46.9477101649141,53.7094753778084,29.6610929150147,12.0054206052173,13.6073695096179,7.80175853717775,130.318278457737,32.6123371748891,0.412118732053534,0.0165921522324066,30.8101476756881,9.85448875497987,0.359726172097766,0.0147722154444831,0.2281550958487,0.0222172542262665,"iva","spartina"
"90","estuary_07_17_18_1200",2,2018-07-17 12:00:00,198,36.1752336448598,42.7394859813084,26.2684968847352,9.10467506334861,11.6573949750118,7.81209819340532,105.183216510903,28.0297519688252,0.405783437872663,0.0246881148734373,23.0352414330218,9.06298806959918,0.346086331463654,0.0196907172408701,0.248130230663684,0.0201281935069831,"phragmites","N/A"
"91","estuary_07_19_18_1200",1,2018-07-19 12:00:00,200,106.912433940106,116.146359365825,61.9072225484439,23.0922029549198,23.44342923247,17.9137762292965,284.966015854375,63.0173062742601,0.410156056341911,0.0214520823862817,63.4730622431004,15.0264933125824,0.375789259178816,0.0122540721391131,0.214054684479273,0.0246869690114609,"iva","spartina"
"92","estuary_07_19_18_1200",2,2018-07-19 12:00:00,200,58.8163046293898,72.5310291233394,46.818746993302,28.072366052357,30.3605183362646,22.8540388413427,178.166080746031,80.6184133458959,0.415240441893314,0.0341249068466868,39.427006623987,14.2610781459192,0.324558836495302,0.0228246671737919,0.260200721611384,0.0347331103699855,"phragmites","N/A"
"93","estuary_07_24_18_1200",1,2018-07-24 12:00:00,205,54.7046629853624,70.3456919975458,35.425168726444,14.2154063982312,17.1370134325198,11.4134405602994,160.475523709352,41.9784648625475,0.441346938911187,0.0241095894183145,50.5615522832851,12.3676896788554,0.341532007119151,0.0144051512244427,0.217121053969662,0.0247897637983587,"phragmites","N/A"
"94","estuary_07_24_18_1200",2,2018-07-24 12:00:00,205,64.3644625509245,81.0549044186775,38.806392980257,12.158179941615,14.1774687715327,9.11704616477929,184.225759949859,34.6175624608324,0.441456891174164,0.0173472529309512,58.9389533061736,10.7674558664893,0.349608143504423,0.012030718981978,0.208934965321413,0.0178903948427061,"iva phragmites","N/A"
"95","estuary_07_24_18_1200",3,2018-07-24 12:00:00,205,50.2366176288787,61.1704166151564,22.8433675361602,15.8253906324655,18.5290223282924,10.2325832932887,134.250401780195,43.589316052293,0.459778125788897,0.0281676838343162,49.2608480652738,14.3995159824277,0.375853619950928,0.0153307645098981,0.164368254260175,0.0355713618346889,"phragmites iva","N/A"
"96","estuary_07_26_18_1200",1,2018-07-26 12:00:00,207,78.2100983738205,88.3495282071873,47.8905842200361,25.964845501134,28.2549469684194,16.8467785667612,214.450210801044,69.985705515226,0.413541200569791,0.0208110552021734,50.598373820518,17.9297676499366,0.36266209048047,0.0184572300390886,0.223796708949739,0.0282204146325453,"iva","spartina"
"97","estuary_07_26_18_1200",2,2018-07-26 12:00:00,207,70.7292761352051,84.6653595796408,51.9788251901812,23.005632652367,23.7981734685823,21.816397825139,207.373460905027,67.9114161216691,0.416204532078859,0.0327710384208954,46.6226178338954,9.44964434713883,0.341942290989348,0.0205158815608282,0.241853176931793,0.0357054764800241,"phragmites","N/A"
"98","estuary_08_03_18_1200",1,2018-08-03 12:00:00,215,92.5625167156994,98.4493848622626,50.7663145225996,19.1104875743847,18.5400407665208,13.2022314286077,241.778216100562,49.8724600992313,0.408982254742972,0.0163871555360351,53.5699384862263,10.6524494990848,0.383062473947057,0.0105386188677514,0.207955271309972,0.0198344554042769,"iva","spartina"
"99","estuary_08_03_18_1200",2,2018-08-03 12:00:00,215,65.9531642819454,72.3475278562339,47.5325118718768,25.9713752502399,27.2000859324824,20.9321930082535,185.833204010056,73.6274358233859,0.392323549444324,0.0235701453213732,31.2093795586455,11.462570056785,0.356185944809446,0.0151876742295596,0.251490505746231,0.024850530591304,"phragmites","N/A"
"100","estuary_08_08_18_1200",1,2018-08-08 12:00:00,220,73.4263753263076,77.2632698443392,37.8163008798221,21.435776733186,21.8824325521839,12.5456234569733,188.505946050469,54.9490995144685,0.411683657236081,0.0200910445860298,43.2838634825486,13.7235693011087,0.389540201946438,0.0128942147418965,0.198776140817481,0.023962918055305,"iva","spartina"
"101","estuary_08_08_18_1200",2,2018-08-08 12:00:00,220,68.7574537016768,76.2306816689287,46.6604351823475,20.0743973120689,20.4248751092358,18.0032326795071,191.648570552953,57.8204405747262,0.403090097576986,0.0268998338693791,37.043474453833,9.59928703549501,0.360624974018628,0.0203885370719136,0.236284928404386,0.0315305726738595,"phragmites","N/A"
"102","estuary_08_14_18_1200",1,2018-08-14 12:00:00,226,88.4674568737433,92.4669277172188,47.5227537305535,22.0772749451662,21.3534450570085,14.6469028294883,228.457138321516,56.7571695170118,0.407309361699585,0.0213472657387923,48.9436448301408,12.991762427571,0.387472619831716,0.0160876851661395,0.2052180184687,0.0252879088423239,"iva","spartina"
"103","estuary_08_14_18_1200",2,2018-08-14 12:00:00,226,66.8408075204192,74.8548312528895,46.7708943340011,22.907996652235,23.3145768377297,19.5838212590869,188.46653310731,65.1771050005279,0.403244856639533,0.0274524376795113,36.0979606513587,9.94024628986566,0.355496635170636,0.0179861496397685,0.24125850818983,0.0310301681131702,"phragmites","N/A"
"104","estuary_08_16_18_1200",1,2018-08-16 12:00:00,228,84.5147467624924,86.0745135263408,46.1895721743847,30.653706433362,29.2131638861464,15.8819894398646,216.778832463218,74.682460669273,0.39796550527103,0.0181151962931378,41.4447081158045,15.6352818830537,0.386381188462894,0.0214245777370409,0.215653306266076,0.0295475149624513,"iva","spartina"
"105","estuary_08_16_18_1200",2,2018-08-16 12:00:00,228,100.991717283269,107.270691453463,66.6938155715075,23.9332149514878,23.931466286998,21.149690639706,274.95622430824,68.019359936249,0.393391900867853,0.0216236653857395,46.8558500521504,12.5977792272151,0.368794074250436,0.0170024155764539,0.237814024881711,0.0252428211112642,"phragmites","N/A"
"106","estuary_08_17_18_1200",1,2018-08-17 12:00:00,229,84.2703746397695,86.1923919308357,48.3367146974063,30.4355084152058,29.319430687443,16.6861887730957,218.799481268012,75.4458706183174,0.394781383741938,0.0167406661014711,39.7776945244957,15.2058664285129,0.382015384865313,0.0205826544960317,0.223203231392749,0.0272266290621646,"iva","spartina"
"107","estuary_08_17_18_1200",2,2018-08-17 12:00:00,229,99.5377032832157,105.903114452286,71.5712641914698,21.0194451414497,20.4975239821406,19.0055050086378,277.012081926971,59.5078273154223,0.384685464577066,0.0187299102073845,40.6972614298865,11.7537763899473,0.360152787803772,0.0167626211978988,0.255161747619162,0.0193312936892455,"phragmites","N/A"
"108","estuary_08_21_18_1200",1,2018-08-21 12:00:00,233,63.6772619120249,68.1558782258557,44.9298395460924,14.5448764129044,14.1285796214324,9.40845009659586,176.762979683973,37.407105340586,0.386080328734487,0.0128892017317415,27.704654993594,7.88576630641649,0.358991072343748,0.0137684627791506,0.254928598921764,0.01616296296034,"iva","spartina"
"109","estuary_08_21_18_1200",2,2018-08-21 12:00:00,233,47.6789539854161,53.16610510435,38.1321096303747,11.4799170461019,9.27943661092365,9.45921043427419,138.977168720141,29.7816786354894,0.386229646969592,0.0221349109270379,20.5211465929092,6.5113766936242,0.341407790391967,0.0155771216860551,0.272362562638441,0.0128446325413827,"phragmites","N/A"
"110","estuary_08_22_18_1200",1,2018-08-22 12:00:00,234,81.2824614226571,83.0279450508092,45.856228829507,15.5893296732767,14.7012170724758,9.6494320202242,210.166635302973,38.9904161784236,0.395978027365978,0.0129259910380008,38.9171998494543,8.42200633067918,0.386502974075269,0.0133478577321302,0.217518998558753,0.0162680475134597,"iva","spartina"
"111","estuary_08_22_18_1200",2,2018-08-22 12:00:00,234,57.8892573610692,64.4046829464375,42.7607275650688,17.1641544096334,16.8699755427569,14.8618880395235,165.054667872576,48.2772268589599,0.394616807085569,0.0242586462278419,28.159380966737,8.90629991961207,0.350898246246653,0.0170958892174467,0.254484946667778,0.0229906793781905,"phragmites","N/A"
"112","estuary_08_29_18_1200",1,2018-08-29 12:00:00,241,75.8781046717918,72.6584861028977,38.7942046126552,25.2606080979031,23.4880908589329,13.7256786131905,187.330795387345,61.3919180140614,0.389031991963316,0.0176899878672681,30.6446629213483,11.9971439353446,0.404214765553304,0.0203631565829207,0.20675324248338,0.0279248038314921,"iva","spartina"
"113","estuary_08_29_18_1200",2,2018-08-29 12:00:00,241,85.8541755100886,86.6903528879079,56.3540481648131,23.5775383788562,23.7594468666507,20.832211239172,228.89857656281,66.7372870072537,0.38262655109769,0.0313654426561999,31.1724821009141,16.4856326688299,0.377759716234325,0.0260926606160493,0.239613732667985,0.0303326813509128,"phragmites","N/A"
"114","estuary_08_31_18_1200",1,2018-08-31 12:00:00,243,49.5572952121625,47.978443385523,30.3247106875425,10.9138000916964,10.5026070402458,5.76592720793453,127.860449285228,26.5472882235085,0.374441338362377,0.0127284959183005,16.074880871341,6.33128454495699,0.386805549909445,0.0135099870718891,0.238753111728179,0.0191272865943109,"iva","spartina"
"115","estuary_08_31_18_1200",2,2018-08-31 12:00:00,243,36.0022262381813,35.9609229721589,25.9927712736702,8.93762040073891,7.65155191117525,6.71438961416603,97.9559204840104,22.3724864786099,0.369487161602128,0.0260754242830554,9.92684843246641,7.02643494582993,0.366526387812262,0.0250104944195037,0.26398645058561,0.0192052374479861,"phragmites","N/A"
"116","estuary_09_03_18_1200",1,2018-09-03 12:00:00,246,51.5741913146701,48.7348897022455,32.6098031457117,30.9367598322711,24.9908515771575,11.2061641211682,132.918884162627,66.4782849268942,0.363912623890122,0.0183229832850352,13.2857849441092,10.1599726865523,0.365371799068604,0.0532449949289527,0.270715577041274,0.0622438966656017,"iva","spartina"
"117","estuary_09_03_18_1200",2,2018-09-03 12:00:00,246,80.0127575127575,68.3411138411138,39.3453348453348,18.8804078614463,18.1446065494138,14.8080883319541,187.699206199206,50.2133099030113,0.365451205717233,0.0278795859767032,17.3241353241353,14.2047740954914,0.430781502027361,0.0309581590086486,0.203767292255406,0.032026798376328,"phragmites","N/A"
"118","estuary_09_04_18_1200",1,2018-09-04 12:00:00,247,99.9819754390598,94.1377261323122,55.0298428628021,36.6004328616247,33.4020188492879,18.5367257657502,249.149544434174,87.259985501847,0.376874448078989,0.0155410302000273,33.2636339627624,15.9040294214395,0.397338651348795,0.025215218762,0.225786900572217,0.0339554604201955,"iva","spartina"
"119","estuary_09_04_18_1200",2,2018-09-04 12:00:00,247,116.130777524859,108.169402180424,72.1218641428058,32.1170301138688,30.3684875464695,26.6648547226462,296.422043848089,86.9967351621587,0.367875238152936,0.0287784485205974,28.0861626931832,20.8257840944671,0.395117354794438,0.0305371096321675,0.237007407052626,0.0294239008395999,"phragmites","N/A"
"120","estuary_09_05_18_1200",1,2018-09-05 12:00:00,248,70.0794054526667,61.4607741832923,36.3819251251888,35.2074272158137,26.2707800891259,11.9189160746834,167.922104761148,72.4602142150511,0.366332551959287,0.0140052211787558,16.460217788729,9.29372892745682,0.400460799614816,0.0458120302902187,0.233206648425897,0.048856305851134,"iva","spartina"
"121","estuary_09_05_18_1200",2,2018-09-05 12:00:00,248,84.3099041533546,68.428092829251,36.4359913028044,23.1898510589555,20.789794315147,16.3093957863106,189.17398828541,58.192317368459,0.363901303962122,0.0314921261425929,16.1102902023429,15.6789489848112,0.451377223994902,0.03693308602077,0.184721472042976,0.0402257194873604,"phragmites","N/A"
"122","estuary_09_06_18_1200",1,2018-09-06 12:00:00,249,97.0323136579061,88.8801163291685,51.768472641103,37.5469190775135,32.893646536878,19.6877434483983,237.680902628178,88.7528335177438,0.374960460492286,0.0190633645818139,28.9594463593279,14.6395489237816,0.405015681843917,0.0263062646197018,0.220023857663797,0.0327091102730559,"iva","spartina"
"123","estuary_09_06_18_1200",2,2018-09-06 12:00:00,249,128.649189129958,117.356454087223,77.0837168529476,26.167661744544,22.8769472470016,20.8843467956235,323.089360070129,67.8121477646671,0.365154978981705,0.0212381534503318,28.9800021915407,18.1199857372661,0.399570724238062,0.0234217337234091,0.235274296780233,0.0201644448295116,"phragmites","N/A"
"124","estuary_09_11_18_1200",1,2018-09-11 12:00:00,254,60.0765801863167,57.9103976760493,34.1235600520885,14.6026696832477,13.7762279987448,8.50488045788299,152.110537914455,35.8448747867247,0.380942635391874,0.0173050930248236,21.6206551136933,8.74247081691032,0.394582738733337,0.0160940710684765,0.22447462587479,0.0224208057829295,"iva","spartina"
"125","estuary_09_11_18_1200",2,2018-09-11 12:00:00,254,53.8677052423343,51.3107319485658,36.1645895153314,17.2613371985932,14.1957632031841,11.6955295751317,141.343026706231,42.4380736695076,0.36693612353283,0.0232704370643228,12.5891691394659,7.20931986354318,0.378978696139506,0.024346874046297,0.254085180327664,0.0207523979803579,"phragmites","N/A"
"126","estuary_09_13_18_1200",1,2018-09-13 12:00:00,256,39.1149471507353,38.6299402573529,27.9689797794118,11.5204763758462,10.8743458393709,6.1121404590868,105.7138671875,27.7466106987097,0.363207508109706,0.0207674979271573,10.1759535845588,6.78013605827488,0.366814289813104,0.0207355104513344,0.269978202077189,0.0334409840839109,"iva","spartina"
"127","estuary_09_13_18_1200",2,2018-09-13 12:00:00,256,37.9768033586362,35.4868326194818,31.2814554090157,11.6905323173274,8.5841717803102,7.95008009745782,104.745091387134,27.8603347143496,0.341269139098755,0.0169563278903112,1.71540647131165,4.74777342943787,0.358744477857608,0.0243823935802673,0.299986383043638,0.0143141419722273,"phragmites","N/A"
"128","estuary_09_14_18_1200",1,2018-09-14 12:00:00,257,73.3800990765091,70.299247752431,50.4959329704605,13.8079768733783,12.1269048587196,7.93534068432489,194.175279799401,33.1036788961349,0.362000908789472,0.0109185204165248,16.7224634578925,6.63982304751097,0.376938952877064,0.0132909886440832,0.261060138333464,0.0148299731358876,"iva","spartina"
"129","estuary_09_14_18_1200",2,2018-09-14 12:00:00,257,67.5751333579361,61.3276411581172,48.6326701781461,19.2402196653106,13.8961339334354,12.153477232871,177.535444694199,44.5867657346677,0.348006875640131,0.0165653346725008,6.44747878015231,7.33709095702648,0.377581701957035,0.0238764277125077,0.274411422402834,0.0144360754128614,"phragmites","N/A"
"130","estuary_09_16_18_1200",1,2018-09-16 12:00:00,259,56.2218224745629,53.3353195795154,34.8810500871325,16.570729842215,14.3631911610076,8.71220612294567,144.438192141211,38.7298881066774,0.369318123132352,0.0172337671635599,15.5677665973354,7.59086163904635,0.386728623125613,0.0195852308572697,0.243953253742035,0.025537689489646,"iva","spartina"
"131","estuary_09_16_18_1200",2,2018-09-16 12:00:00,259,62.1924706203881,56.7642456955452,42.9912886034436,15.4436776207586,11.5983068678572,10.4457726796468,161.948004919377,36.477897059942,0.352531159100738,0.017889734017672,8.34473216725881,7.82338592617949,0.382802828131373,0.0236935722773507,0.264666012767889,0.0156743266333793,"phragmites","N/A"
"132","estuary_09_17_18_1200",1,2018-09-17 12:00:00,260,71.9824925675995,67.7699966967109,49.5210702656788,13.2491151275536,12.0823565373247,9.17839642480801,189.273559529989,34.0011778211202,0.358194724492363,0.00935320201647056,14.0364305601435,5.40859904542264,0.380233383490853,0.0112125107121322,0.261571892016784,0.0114824450890002,"iva","spartina"
"133","estuary_09_17_18_1200",2,2018-09-17 12:00:00,260,62.8083052997298,56.2761815474549,44.3693266420339,14.3552545341038,10.2728894152804,9.40051658593358,163.453813489219,33.7185789129518,0.346026571279649,0.0119786718977091,5.3747311531462,5.0262859776168,0.38273684561532,0.0141385103911801,0.271236583105031,0.00930478955806121,"phragmites","N/A"
"134","estuary_09_18_18_1200",1,2018-09-18 12:00:00,261,39.1963298490128,38.4386527293844,29.9259465737515,11.9762943196093,11.2328628915534,6.75943234380036,107.560929152149,29.4723602963408,0.355333852393359,0.0173374046819683,7.75502903600465,5.90366378242225,0.361060721907713,0.018473240208947,0.283605425698927,0.030567296489383,"iva","spartina"
"135","estuary_09_18_18_1200",2,2018-09-18 12:00:00,261,41.5069828277288,39.0196194253407,28.5302307919497,8.45236364800164,6.39107327399346,5.86476135261309,109.056833045019,20.0758040712997,0.359381350130489,0.017038713260526,8.00202523100291,5.02283352877238,0.379743715260155,0.0183256140844618,0.260874934609356,0.0155455484568786,"phragmites","N/A"
"136","estuary_09_20_18_1200",1,2018-09-20 12:00:00,263,108.051094890511,98.9180621153571,67.5000715614713,27.3799227051585,23.8549032158454,16.9043717085799,274.469228567339,67.3021050129519,0.360810317085323,0.0108516623865362,22.2849577787319,9.1789126103423,0.393049618245526,0.0131835741633502,0.246140064669151,0.0164796628349497,"iva","spartina"
"137","estuary_09_20_18_1200",2,2018-09-20 12:00:00,263,131.322492200057,115.862720998393,82.5202483375878,27.2033134518237,24.1256546282324,22.1875339005387,329.705461536037,72.0154466664814,0.352819374893001,0.0158350800066778,17.8827014591409,13.5235917111995,0.399906048252704,0.0213534810309245,0.247274576854294,0.0186912517169849,"phragmites","N/A"
"138","estuary_09_21_18_1200",1,2018-09-21 12:00:00,264,68.6419646704007,63.6237254057159,41.6833979606491,12.5098247518149,10.5425131351465,7.51505539341795,173.949088036766,29.8064864717906,0.366233545171414,0.010985665187387,16.922088180382,5.63398552245182,0.394125728045811,0.013501445869277,0.239640726782775,0.0141189353260168,"iva","spartina"
"139","estuary_09_21_18_1200",2,2018-09-21 12:00:00,264,60.3815846599132,54.5000361794501,41.3904486251809,14.9628052019905,10.9876175664551,9.72744134430053,156.272069464544,34.9566891460614,0.350773482936595,0.0146355254765786,7.22803907380608,5.78572130912741,0.384654525143471,0.0213093320242507,0.264571991919934,0.0148941142105283,"phragmites","N/A"
"140","estuary_09_24_18_1200",1,2018-09-24 12:00:00,267,61.551817566042,57.6052156242944,41.6383495145631,14.7670469266894,13.7076505151735,11.4393192356295,160.7953827049,39.148057874619,0.358731497445398,0.0131161447263971,12.0202641679837,5.84112608065708,0.383309582655829,0.0160197161092842,0.257958919898773,0.0205425690007125,"iva","spartina"
"141","estuary_09_24_18_1200",2,2018-09-24 12:00:00,267,48.125927613592,43.8336154146595,30.5242806926181,15.6493342604533,14.7560084675124,12.4564467775428,122.48382372087,42.4311796292804,0.359449861086938,0.0172818923112461,9.01702252310897,5.46479769437614,0.396747266942129,0.0254715178136628,0.243802871970934,0.0253252022156698,"phragmites","N/A"
"142","estuary_09_28_18_1200",1,2018-09-28 12:00:00,271,73.378235650593,64.9913427408882,40.2231841399013,35.1722742150437,29.9298416781792,16.64457227623,178.592762531383,80.5779611490586,0.362253033138173,0.0190521427981866,16.3812656912821,12.1255442360854,0.403022029547214,0.0349303358368166,0.234724937314613,0.0446502678928472,"iva","spartina"
"143","estuary_09_28_18_1200",2,2018-09-28 12:00:00,271,129.354914859463,109.299266626798,70.2686097384407,25.7179148058164,23.3200492152506,20.3049196081265,308.922791224702,68.1085363901324,0.354716607686304,0.0143716554346195,18.9750086556923,12.2885927087223,0.421452368976929,0.0214643843744761,0.223831023336766,0.0221841069130329,"phragmites","N/A"
"144","estuary_10_12_18_1200",1,2018-10-12 12:00:00,285,80.2819010001911,69.3273236924253,48.3486653500669,41.0334418232745,33.5013295364947,19.6843477032965,197.957890042683,93.0848583227298,0.346294977375404,0.0220661419636395,10.0240810345926,11.0530901249586,0.391709599730281,0.0502114219694154,0.261995422894315,0.0632347899645906,"iva","spartina"
"145","estuary_10_12_18_1200",2,2018-10-12 12:00:00,285,147.360020349115,124.381291532861,85.1663222155098,30.1899647934823,26.3797457785897,24.2235330587237,356.907634097485,79.4472123147212,0.349664180962869,0.0134305664840485,16.2362405010969,12.5504929096786,0.415426450988523,0.0216099787247831,0.234909368048608,0.0224609211015265,"phragmites","N/A"
"146","estuary_10_15_18_1200",1,2018-10-15 12:00:00,288,75.4835484457371,66.58946858147,47.3761134339211,14.1078641721345,11.9054206435761,9.79753364321757,189.449130461128,35.3225515394375,0.352007252013515,0.00934001493622138,10.3192752832818,4.8854453187455,0.398609971290275,0.0107297768381559,0.24938277669621,0.0117724632836163,"iva","spartina"
"147","estuary_10_15_18_1200",2,2018-10-15 12:00:00,288,69.3537832310838,60.2231083844581,44.3609918200409,17.9255777236571,13.9538332143466,13.0047953273454,173.937883435583,44.6957822047876,0.34842100554143,0.0120008113602245,6.73144171779141,4.87379588836544,0.398767724174516,0.0108194132297046,0.252811270284054,0.0115757052714577,"phragmites","N/A"
"148","estuary_10_16_18_1200",1,2018-10-16 12:00:00,289,55.0988893096049,48.6854095670832,35.0459421936135,13.087934845745,10.9916769530379,7.90209319978116,138.830241070302,31.225050979566,0.350744252315041,0.014690301397868,7.22598763094787,5.72275047843326,0.396238495300962,0.0172365652783676,0.253017252383997,0.0191445205297829,"iva","spartina"
"149","estuary_10_16_18_1200",2,2018-10-16 12:00:00,289,60.620719808542,53.1932989690722,41.1140924153166,15.4357509896133,12.0926185656226,11.6561247587645,154.928111192931,38.8512615406171,0.345177019467307,0.013120767852278,4.65178571428571,5.51454855904082,0.39137265112247,0.0142823025912637,0.263450329410224,0.0129574250185707,"phragmites","N/A"
"150","estuary_10_19_18_1200",1,2018-10-19 12:00:00,292,92.7739543162266,76.8348165727282,54.8674478394146,29.9810278032644,24.989687981695,18.0709296461819,224.476218728369,72.3254651408972,0.341892120767542,0.00938663968601153,6.02823098981509,5.95527160019838,0.413936758835461,0.0176704409102119,0.244171120396997,0.0196880449079849,"iva","spartina"
"151","estuary_10_19_18_1200",2,2018-10-19 12:00:00,292,131.61862244898,112.462213010204,79.8073182397959,21.3498653289703,17.7216244900078,17.0182105993068,323.88815369898,55.3921277464872,0.34812496433681,0.00982035576290319,13.4984853316327,8.5905653609193,0.407186582697652,0.0119542839911907,0.244688452965538,0.0134579086013052,"phragmites","N/A"
"152","estuary_10_22_18_1200",1,2018-10-22 12:00:00,295,85.5003109936246,67.0819468200902,42.8183019748095,45.7084276767855,33.5973699777704,19.550171057484,195.400559788524,97.6700514407893,0.342714044946057,0.0138854916674341,5.84528067174623,6.50843303196627,0.426565315053813,0.0410137055530088,0.230720640000131,0.0461839127418566,"iva","spartina"
"153","estuary_10_22_18_1200",2,2018-10-22 12:00:00,295,167.842776296104,130.140115787419,77.0238730241332,30.4446629793009,25.6949166170153,23.181596847145,375.006765107656,77.8640932922727,0.348070106902377,0.0131805178585934,15.4135822546022,13.4729913712123,0.450811560569643,0.0222785966397862,0.20111833252798,0.0263376020394505,"phragmites","N/A"
"154","estuary_10_26_18_1200",1,2018-10-26 12:00:00,299,63.6063144002842,53.3123699304604,42.7213339424395,12.7754534910889,9.67028436856597,7.5548825216504,159.640018273184,29.0019822616708,0.334050518236475,0.010520567608822,0.297091518197046,4.7305257933364,0.397357513248396,0.0190889225600203,0.26859196851513,0.0201919190587629,"iva","spartina"
"155","estuary_10_26_18_1200",2,2018-10-26 12:00:00,299,60.7722676472011,53.5744351444192,44.3537665102327,19.1217831454767,15.0613813003196,14.3792652717054,158.700469301853,48.3497317986496,0.339852072559011,0.0122948135838658,2.02283613140452,5.15735189445951,0.381958619388198,0.0124541610802446,0.278189308052791,0.0119704900839431,"phragmites","N/A"
"156","estuary_10_27_18_1200",1,2018-10-27 12:00:00,300,57.4206746116195,46.3724728665674,37.1832304745691,12.9525516438259,9.43670565074322,5.90107756039528,140.976377952756,27.1014877162825,0.32824851147998,0.0128131977844805,-1.85895935305384,4.87976805521287,0.404950331488405,0.0238968481104664,0.266801157031615,0.0271293794014531,"iva","spartina"
"157","estuary_10_27_18_1200",2,2018-10-27 12:00:00,300,49.7174465432927,43.7354012848787,35.1043244798159,16.1917096725972,13.1065954589867,10.9225861482736,128.557172307987,39.7459427501422,0.3411050141262,0.0146058065863091,2.64903154664877,4.75908002071001,0.385098702046223,0.0205892919734195,0.273796283827577,0.0185461234911675,"phragmites","N/A"
"158","estuary_10_29_18_1200",1,2018-10-29 12:00:00,302,52.8799470424134,41.0258168234905,30.9761690860088,18.8808396727902,13.3807772824151,9.81246025538171,124.881932951913,40.800382147742,0.328294692325593,0.013559729083827,-1.8044824814412,4.32658489106516,0.419852434049047,0.0347540057686187,0.25185287362536,0.0370605628326087,"iva","spartina"
"159","estuary_10_29_18_1200",2,2018-10-29 12:00:00,302,54.6690163788763,45.1088765808726,32.5026804490122,16.9447999173815,12.918638931756,11.4926031584134,132.280573408761,40.8661441428453,0.342898946404174,0.0142087444173611,3.04605633385659,5.19587704567999,0.413722542158923,0.019595727350047,0.243378511436903,0.0220870106394234,"phragmites","N/A"
"160","estuary_11_01_18_1200",1,2018-11-01 12:00:00,305,85.7434387270097,67.7407005579665,52.2473651580905,25.9691666991894,19.3573521486326,13.2910576970158,205.731504443067,57.78952431512,0.328927355097736,0.00888250306670835,-2.50940276916718,4.77768908888164,0.414328082460218,0.0212663648728455,0.256744562442047,0.0217293351503542,"iva","spartina"
"161","estuary_11_01_18_1200",2,2018-11-01 12:00:00,305,109.327159653184,91.0741295564937,65.9107086113759,18.3718441569049,14.8115974381127,14.6907059244688,266.311997821054,47.3893446210292,0.34292610650358,0.00884179552884233,6.91039084842707,6.46313143085036,0.41136133241982,0.0110444680093668,0.245712561076601,0.0136000606244787,"phragmites","N/A"
"162","estuary_11_04_18_1200",1,2018-11-04 12:00:00,308,122.221972061608,92.5079056439646,64.8772962185949,37.5387120384315,29.6586613875492,22.8010172154078,279.607173924167,89.0091717264491,0.330518753125363,0.00900175678297277,-2.08345699227345,5.59612313006687,0.439469388964874,0.0244877144674517,0.230011857909763,0.0240164935227198,"iva","spartina"
"163","estuary_11_04_18_1200",2,2018-11-04 12:00:00,308,136.677939222494,111.960867515323,76.7072993013587,24.2110877414371,19.9935365381478,19.4989994434073,325.346106039175,62.8714362530129,0.345321482372702,0.0115781650014815,10.5364965067935,10.2290394411152,0.421865668033655,0.0156391234954815,0.232812849593643,0.0190579535458396,"phragmites","N/A"
"164","estuary_11_05_18_1200",1,2018-11-05 12:00:00,309,41.3063297733785,37.9789875835721,43.5820092037857,7.72510550078261,5.90243498150919,7.78382037948965,122.867326560736,19.203163442303,0.30931676611815,0.0100825045129291,-8.93036381001997,4.04045786234397,0.336146847518021,0.0329649289756803,0.354536386363829,0.0289266866952606,"iva","spartina"
"165","estuary_11_05_18_1200",2,2018-11-05 12:00:00,309,31.9080459770115,33.8594956253217,36.1849373820552,8.12800815931806,7.42212527114894,8.1598602192846,101.952478984388,23.5553396632685,0.333168569382152,0.00804795611483476,-0.3739921084234,2.46227503149356,0.310818065543609,0.015476013814658,0.356013365074239,0.0121404303387151,"phragmites","N/A"
"166","estuary_11_07_18_1200",1,2018-11-07 12:00:00,311,70.9374321467345,51.9928004114051,35.291754756871,13.609438926612,10.7688574612215,8.4456186450606,158.221987315011,32.1336197590011,0.328374385394889,0.00762859448075046,-2.24358608079538,3.36534092976854,0.449979104609854,0.0199956885160336,0.221646509995257,0.01728174076611,"iva","spartina"
"167","estuary_11_07_18_1200",2,2018-11-07 12:00:00,311,68.0680848675348,54.5894140098788,36.936237090256,17.5714002522059,13.6198901197929,12.395524812699,159.59373596767,43.3672018848658,0.344131481849731,0.0110483333904637,4.17450606196677,4.40631076440726,0.428215956063448,0.0133198452228963,0.227652562086821,0.0174084011978537,"phragmites","N/A"
"168","estuary_11_08_18_1200",1,2018-11-08 12:00:00,312,111.199674520625,81.5722776480577,56.1595556498974,38.3333680644987,29.9443362948325,22.3720584880187,248.931507818581,89.5441200012719,0.326253356128756,0.0119932052744458,-4.21467487440742,5.60752065425056,0.450615312144934,0.0301327153634743,0.22313133172631,0.0279140292678517,"iva","spartina"
"169","estuary_11_08_18_1200",2,2018-11-08 12:00:00,312,141.328513060644,113.527865766882,75.3457512739292,29.3473881520658,26.5543735869,24.3581076765987,330.202130101455,79.0904315497764,0.344677717618318,0.0137551007544531,10.381467199192,11.7624498063718,0.432622273086615,0.0267593730379353,0.222700009295067,0.0294527400604082,"phragmites","N/A"
"170","estuary_11_12_18_1200",1,2018-11-12 12:00:00,316,58.80744452398,46.9351857877269,42.1753107307867,10.0699015572418,8.51228696376098,7.31565370098325,147.917941042494,25.1013402540468,0.316742068069511,0.00857734236033645,-7.11238367931281,3.28122336125445,0.397837499505416,0.0176985058648202,0.285420432425073,0.0166361747192453,"iva","spartina"
"171","estuary_11_12_18_1200",2,2018-11-12 12:00:00,316,52.7171958343917,45.6141732283465,41.4389636779274,15.4979999319387,12.7335260919299,12.8417792455396,139.770332740665,40.8943744484272,0.327624493876893,0.00914510557589905,-2.92781305562611,4.10775174308907,0.376899698883658,0.0120859432061918,0.29547580723945,0.0113518607208917,"phragmites","N/A"
"172","estuary_11_14_18_1200",1,2018-11-14 12:00:00,318,39.5011699638375,33.2993689285967,37.7459405800184,9.83058063429638,8.14411596817582,7.88012362829818,110.546479472453,24.9244828552946,0.299898150575619,0.0113320621587521,-10.6483726866624,3.03899956845176,0.355756983268036,0.02784244083307,0.344344866156345,0.0300084186347556,"iva","spartina"
"173","estuary_11_14_18_1200",2,2018-11-14 12:00:00,318,39.3776824034335,36.1058655221745,38.8026995086148,12.1837998781089,10.3983956979245,11.5714813107279,114.286247434223,33.9788058088483,0.316756801878443,0.0103673939200768,-5.9686508676992,4.38077528698203,0.343268813180412,0.0121746476675944,0.339974384941145,0.0121625453067244,"phragmites","N/A"
"174","estuary_11_18_18_1200",1,2018-11-18 12:00:00,322,127.067803639003,97.6728526255767,70.0880203203566,31.0509183264943,25.6799058039661,19.1397043094232,294.828676584936,75.0247613440291,0.330593130208115,0.00709972022613691,-1.8101187082059,5.25771035101857,0.432560538257116,0.0175874565904195,0.236846331534769,0.0164113909725893,"iva","spartina"
"175","estuary_11_18_18_1200",2,2018-11-18 12:00:00,322,129.987782388197,104.969801751959,74.1751383125864,20.4763758274235,17.0641086374768,16.4763165731614,309.132722452743,53.5654261182935,0.340228764855279,0.00711835214056107,5.77668280313509,6.03913831797727,0.421746506529253,0.0116444640465176,0.238024728615467,0.0140182478610841,"phragmites","N/A"
"176","estuary_11_19_18_1200",1,2018-11-19 12:00:00,323,87.247324027031,66.8740196320229,54.2860454792088,38.7380018834666,27.8132445238271,17.5284190012902,208.407389138263,83.355479540763,0.318961481916129,0.0085278644783732,-7.78533024219405,3.69921383165105,0.410604246689443,0.0303713630962723,0.270434271394428,0.0329733259560328,"iva","spartina"
"177","estuary_11_19_18_1200",2,2018-11-19 12:00:00,323,163.388856343162,124.50270129532,83.5117490073553,17.6718209100583,14.3980838846005,14.8368040059794,371.403306645837,45.8277293570732,0.335637746623447,0.00749971011355271,2.10479724012237,8.17793461285816,0.440869523303996,0.0115750171540538,0.223492730072557,0.0155257354107291,"phragmites","N/A"
"178","estuary_11_21_18_1200",1,2018-11-21 12:00:00,325,121.23459651036,90.3784760087241,67.9250954198473,54.9429497702247,41.9757382452689,29.2076709627638,279.538167938931,125.48008186883,0.319992262948449,0.01078314190073,-8.402739912759,3.9399695023355,0.431076987523609,0.0286369185903952,0.248930749527942,0.0317455118123218,"iva","spartina"
"179","estuary_11_21_18_1200",2,2018-11-21 12:00:00,325,182.399508189523,141.379923593729,96.1041584332323,22.2777834264799,19.3905098345442,18.1427519246711,419.883590216484,58.7515969927931,0.336990334435252,0.00823152611608228,4.25618056470382,9.97085917989224,0.435806903503346,0.0135066919707005,0.227202762061402,0.0163384013443251,"phragmites","N/A"
"180","estuary_11_23_18_1200",1,2018-11-23 12:00:00,327,49.9571565670414,43.9178091582122,47.0996024129421,10.9304820845075,8.69434213675602,8.02411306399033,140.974568138196,26.6249742749842,0.311075506462832,0.00744980480245668,-9.22114066355909,3.00387766373255,0.352614646572936,0.022595399044066,0.336309846964232,0.023836607301078,"iva","spartina"
"181","estuary_11_23_18_1200",2,2018-11-23 12:00:00,327,53.9369072164948,51.4288201603666,54.4616723940435,14.220570335182,13.0187091716189,14.8205019388627,159.827399770905,41.9463751447155,0.322499768404929,0.00614575643250319,-5.54093928980527,3.91025884173113,0.337244454035017,0.00679261770030294,0.340255777560055,0.0077658016041187,"phragmites","N/A"
